path,size_bytes,sha256
.gitattributes,87,a2c27afdc8e53cdc996e3223636eb8c34fa626a1e5bba2ce62bc83101d12bb0c
.gitignore,55,ef57c8e7365dffa808fc9ef2d24e7fe233481be8fabd8b665bd68035eb608f49
.zenodo.json,3194,f6cb79a468f385faa9877db7af7bde38bc66579f16b002b37744069dda37dce0
CITATION.cff,1690,a2cb465c11f06432727ac840dca82133ec5a81ea561536460935dc84fb67d003
code/184a_freeze_interaction_evaluation_implementation.py,4787,271a7521105b985d78833e3d39c54c017e2cf7be76862082100792af51bdd506
code/186_archive_protocol179_materiality_gate.py,5108,3ee23ffe10aae0c9d700b04daa178cc9a95ed0a1f31fac853d376728006c3b96
code/187_finalize_protocol179_scientific_decision.py,6700,6107c410379e4631f9de4bdf6ca182b181e3615251ffc73f739183dd6d05d5f0
code/188_exploratory_four_lattice_materiality_audit.py,13351,362f8f92d91dc32c97da3d12fe77a543c2814756508e149bf6276c638833fa9d
code/199_run_manufactured_two_gate_benchmark.py,18979,afc4bbf60a404fa18cc1c8633823428d906e66b44638db048efc9e47f58222b4
code/204_build_real_cfd_two_gate_figure.py,7675,369f709bbf2d92c89def81a779b84c94623ccc949643b647f33620d9b90ca96b
code/verify_two_gate_results.py,3942,851da2e7fdb76441eb63dc1725ad19b5127483473b8e65bd431057a27e904338
data/derived/183_second_stage_integration_audit.json,644,f7df01c52e9d6f66f3c2b6aeae4262f892a0290fe9b4ad6bd06887ac19a53e38
data/derived/185_protocol179_model_input_summary.json,779,6e237e2034484599e63fa737ad0c8f00f6836b8824beb5e0e9e032417883855d
data/derived/185_protocol179_new_resolved_lower_wall_qoi.csv,1953,b7355c5cb39e5162ed0cc336ce5cb0b3514f054b4b24f52815fc3de58cf9f18b
data/derived/185_protocol179_resolved_lower_wall_qoi.csv,3500,f87fbc61da501ba99aa55dc2cd737485504d3cf1a0df92acbc13d93e996210f9
data/derived/186_protocol179_prefit_materiality_audit.json,2190,6176526eb0754cd98bb443e0549877704475ea0417747f250c098623d08fad19
data/derived/186_protocol179_prefit_materiality_audit.md,417,0b8a4b1f7d1c43e2658ffbc90c7b0b27b75c55d5db1b33d30b0916c04da7156c
data/derived/187_protocol179_scientific_decision.json,3632,49462ea9a87f7af1fcd830762d289fed857d759d2fd20850a9556ce03456cfa5
data/derived/187_protocol179_scientific_decision.md,1455,37d64bbedb706210e078f1dcc2329c8f33171ea0bfac6e4ebcffc325be3d318b
data/derived/188_exploratory_four_lattice_materiality.csv,2228,8628d769a7455a3b417b72577d4df1e0064c053914b0702dd3fa3bfbbbb0cb57
data/derived/188_exploratory_four_lattice_materiality.json,7892,c5939a61ca77a2c18739b7b7d1d454f5320cf3bcec8fc3c16aa6b4e35a93b075
data/derived/188_exploratory_four_lattice_materiality.md,830,24768785cb11599716f046d27180b6b267cb9f3718486ccda49134eb2e3d8ab0
data/derived_arrays/protocol179_exact_interaction/alph15-13929-2024.npz,1216721,bb1405013a4fc3afcc2141b5ca64b1244b039c09dc5ac9938b6b9fc1bf503834
data/derived_arrays/protocol179_exact_interaction/alph15-7929-2024.npz,687932,f565e2ee190fb9a0dd6886656afb27bd0a76b975479d4cbde5e39138e5c6b2ba
data/derived_arrays/protocol179_steady_cfd_native/alph05-10071-2024__F010.npz,202715,0f35ff36801d1b5d09fc66a7ae329110086e0593142c95348f868b16a79384bd
data/derived_arrays/protocol179_steady_cfd_native/alph05-10071-2024__F100.npz,786065,2997d448e89764330251809729462e2068aa77295121098c41f6671ad299e0a0
data/derived_arrays/protocol179_steady_cfd_native/alph05-10071-2024__F110.npz,785881,3a007469de13036d002ccfb1546036a302abae496dd9d4037de8b6196be12f7d
data/derived_arrays/protocol179_steady_cfd_native/alph10-6-3036__F100.npz,945944,cb1fea6294a17206484f616ac103ffe0130a9fe8a7856e0529a83764209ffabd
data/derived_arrays/protocol179_steady_cfd_native/alph10-6-3036__F110.npz,946098,58a6e423e995a7591d1654e7a054ab71e9661a01e68ed14004b247e2a4b4c9cc
data/derived_arrays/protocol179_steady_cfd_native/alph15-10929-3036__F010.npz,427187,0b9edfde3c7ee845eb4ea4d78f9006de3f111046e546ac59105e56733242f5e2
data/derived_arrays/protocol179_steady_cfd_native/alph15-10929-3036__F100.npz,1679263,c7092ab0cd983aaf1967c213bb243cb149a5a0e440602e16ad2bc0512d97b8c6
data/derived_arrays/protocol179_steady_cfd_native/alph15-10929-3036__F110.npz,1679407,8df4b33c643941289c2ea13b919e50cbbcd0f277000ede12f5d1bd53824e5d7d
data/manifests/185_protocol179_cfd_source_cache_index_portable.csv,8574,b8f3955a49eb3026f8cd668e5374b75e4affe01f364fe4b321869342be1f0846
data/manifests/185_protocol179_new_cfd_source_cache_index_portable.csv,2258,f75263bd554be1992c1aa8ff1b0eaca2f90bdba496f8979cfa031d50b0fdf42e
data/manifests/completed_lattice_case_manifest.csv,2575,0d974c0e3bdde643528acdc9b5667ba6c9e21b287dff2ba6b4853d63f34d1a91
data/manufactured/199_manufactured_two_gate_quantiles.csv,640,3fe01346d9671765cb7ebd76e8e98a6e33462f34d4c86f17b3c887728cd8f0eb
data/manufactured/199_manufactured_two_gate_summary.csv,850,3a07fa64d9eb4ca2383c20ad6af30a828761a23a72e38838e8ab9535b112c5de
data/manufactured/199_manufactured_two_gate_summary.json,4912,454b4d3607b99bb690dbcf1e8b7e20db33c00e97a8ef688cff84df40e41c925f
docs/200_manufactured_two_gate_benchmark_results_20260728.md,4095,a783b8a7c8b721cac08cd125f1cf69c8fb2a50e583d3bd3a22d44d32c0b3acc3
figures/199_fig_manufactured_two_gate_benchmark.png,97302,53441d142dd15b7fa24baa8d0cdd07298749dd22fd2a594e33556b748469509f
figures/199_fig_manufactured_two_gate_benchmark.svg,5651,58e3bef3792b09cfb7794a7898f81c75373f66b2b168ae6a96f30f96b3d4c491
figures/204_fig_real_cfd_estimable_but_unresolved.png,102953,1cd41fed7f2c14bed4627010d270064f57e80dd56a8abcee39bf193873fe3605
figures/204_fig_real_cfd_estimable_but_unresolved.svg,3888,5e1efafbe1f91bf080f50b31330cafac123c6f3c40694cf01ed6941d0232c901
figures/v9_method_upgrade/261_fig_claim_adaptive_method.pdf,26256,a2d368488a359b3848481e88cc5afbcb3884ef4e6c5ce5018f44d90f49f4cf1e
figures/v9_method_upgrade/261_fig_claim_adaptive_method.png,556550,a3a27b227c90d777970b31e96d414348be1815dd89e4d291da7b84bc2304dba0
figures/v9_method_upgrade/262_fig_cost_to_valid_decision.pdf,24460,bb8e6060705a337c63e0dbc5ef361545085dd4de8205a9cfc7bd62e8bda5405f
figures/v9_method_upgrade/262_fig_cost_to_valid_decision.png,363371,fe5134f297eaac07bb79c57e768dfb2c71706537e42e5d782cb44ed4c4dc3651
figures/v9_method_upgrade/263_fig_joint_vs_box_mapping.pdf,24229,fe8f09fa7213581bd74f8fe5784cbc31afe8384c7bf09b15af86abbdbbe6ae27
figures/v9_method_upgrade/263_fig_joint_vs_box_mapping.png,286425,bf16cd1b47dd4962b5d470f4bbf9d96e8bd0d44556e2a679e3fc6c1d7da3c521
LICENSE-CODE,1074,185ce2871b1cb03281529e4fae5455c4f84f212cd726d6f8b1f64b6aaa6986b8
LICENSE-DATA,18657,9ba9550ad48438d0836ddab3da480b3b69ffa0aac7b7878b5a0039e7ab429411
pathway_dependence_v2_1_8/06_extremal_coupling_certificate.json,6297,e95f5e6fa7f1012762928f91b4da3ef91f6d5ed5e9f9e7e381adbf86189cc2ba
pathway_dependence_v2_1_8/11_DIRECTIONAL_COUPLING_COVER_RESULTS.csv,710,782d7fda4831f4adf602776c179e765d1217d93554f52ebad00ca73491b37f4c
pathway_dependence_v2_1_8/30_GRAPH_COUPLING_MILP_BENCHMARK.csv,8208,56f8098c331aca16d261434902d90d38733d7e15f7b442f6e22586fef0ccf6b7
pathway_dependence_v2_1_8/30_GRAPH_COUPLING_MILP_BENCHMARK.json,36324,2bacab58a9ae56cf1680b8c8aaa4e4dd8fca3566c4418adfff3929542031748a
pathway_dependence_v2_1_8/31_REAL_CFD_DIAMETER_NEAR_TIE_AUDIT.csv,1302,fd1498fa34685c985f1a3deb0d7ff3ea8e3b8818829a818b033ad9a0366653f4
pathway_dependence_v2_1_8/31_REAL_CFD_DIAMETER_NEAR_TIE_AUDIT.json,11795,358a215015dca891f7ef755aa94f73a133e93084f8be859e3f789a05350cd946
pathway_dependence_v2_1_8/32_FOREST_DP_SCALING_BENCHMARK.csv,2230,506f9f52f2368f67b0e2d4867d9080a1fbfabf44a09e608480ccb33a71bc6a50
pathway_dependence_v2_1_8/32_FOREST_DP_SCALING_BENCHMARK.json,10723,5ba0b59d2a9822a748e8cdddc22e208a7f6d1406d3d21d1d5671ef562eedbfe4
pathway_dependence_v2_1_8/37_REAL_CFD_COMMON_PARTITION_PROFILES.csv,23902,0fdfbb6b3a6a9fd90bafe460415c0275025b4c1fc92067fc88ed476bdafcb251
pathway_dependence_v2_1_8/37_REAL_CFD_COMMON_PARTITION_PROFILES.json,104560,a5a5e8e95843ddd29c2ca846c132b14ba4c9f351a1aeaf7edcb0876c3dccc6cc
pathway_dependence_v2_1_8/42_REAL_CFD_COMMON_PARTITION_SUMMARY.csv,1943,0c234685d758c9dbaaf44b3296f9239585ee1ce4a71323e6db21e4e7ebd24271
pathway_dependence_v2_1_8/42_REAL_CFD_COMMON_PARTITION_SUMMARY.json,5533,5c005cab2941d7574947edaeeaa532bfea665688ec6fee22584d72f4504ad2dc
pathway_dependence_v2_1_8/45_ALGORITHM_CERTIFICATE_SUMMARY.csv,2343,b5bfaa128cbe2a2df9a697c921a1061f6efe71ad749ff663f510d98ef093bb6b
pathway_dependence_v2_1_8/45_ALGORITHM_CERTIFICATE_TABLE_ROWS.tex,1035,54329506ab7765ffdb0a43c582b1f8ac6c2f15a0cabdb1ebdce4c8075e1e7309
pathway_dependence_v2_1_8/analyze_mapping_intrinsic_rank.py,2508,4e4ebb5023f2470e7c9eeb2079b08304e189ff243e7c35f025473a98eb2a4427
pathway_dependence_v2_1_8/analyze_weight_stability.py,3172,b85969ee772188885a900b293f5c8ad36de060a46b5f6ef07baaa2ca5597951f
pathway_dependence_v2_1_8/auxiliary/robust_union/28_ROBUST_UNION_CFD_PROFILES.csv,3669,2912ad80569199828e7169d958e024bac8c1e9e2b14578bfce8b7cdf3da4eb51
pathway_dependence_v2_1_8/auxiliary/robust_union/28_ROBUST_UNION_CFD_PROFILES.json,23064,51d4ea05b8c2493a773b70bf636488bcf22be670f1bd244b47576572bbdb35ec
pathway_dependence_v2_1_8/auxiliary/robust_union/29_ROBUST_UNION_EPSILON_COSTS.csv,750,17719d4827a6daf3931f88f19598b2f35a676899ad79ca1d68e3c96c0e32253c
pathway_dependence_v2_1_8/auxiliary/robust_union/29_ROBUST_UNION_EPSILON_COSTS.json,3546,757f8f5c73db7d29853fab776d341cb733f03fa42d384b415ea3d606badc50b1
pathway_dependence_v2_1_8/auxiliary/robust_union/33_ROBUST_UNION_THRESHOLD_FRONTIERS.csv,949,3a46be9bac549e4faf5d4a6694437fda5d6930358e4be0d2e22515b2ba4142d2
pathway_dependence_v2_1_8/auxiliary/robust_union/33_ROBUST_UNION_THRESHOLD_FRONTIERS.json,9653,2b2c0e435c027ab1074b5b62218bc13eb1049be66f4c51be240cf6b7d6dea37f
pathway_dependence_v2_1_8/auxiliary/robust_union/35_ROBUST_UNION_EDGE_COST_SENSITIVITY.csv,20750,0b0c95ceed3bb16de3c49447b2ebb1c55c5b0d21a5e7252cc19f5a99679bac35
pathway_dependence_v2_1_8/auxiliary/robust_union/35_ROBUST_UNION_EDGE_COST_SENSITIVITY.json,9807,03f09b5aa0b2aec3f9d2b5595cae262a08ec59897922119e027a7f7d4eb93cff
pathway_dependence_v2_1_8/auxiliary/robust_union/analyze_robust_union_epsilon.py,2534,a4ed58526d92b5cc0cbd3da3e6f580dfb8d5f2ef1293316a35ea04e924028e48
pathway_dependence_v2_1_8/auxiliary/robust_union/build_robust_union_threshold_frontiers.py,4612,08c85e55eec4500b4d236afc32e32da1e60c83a93dd4808d97ca87b377376465
pathway_dependence_v2_1_8/auxiliary/robust_union/README.md,1188,5e132751a5d397f57247fe14e8cd536f4528b6028fd6ef5143321523a1135a1b
pathway_dependence_v2_1_8/auxiliary/robust_union/run_robust_union_edge_cost_sensitivity.py,6596,a38a402f8b7694821f0b61eab0370f0eab4e8ec8cf500412091a7bbbadb1d424
pathway_dependence_v2_1_8/auxiliary/robust_union/run_robust_union_profiles.py,6107,b27cb8984770750f94330a7ae97a8818c0cac75e705f03cc442337683d5e407c
pathway_dependence_v2_1_8/build_authoritative_cfd_summary.py,3729,06a289ed9406f568e1f72255ca10a8fd46bfce02f491fad193beb85fdd33c54e
pathway_dependence_v2_1_8/CITATION.cff,1658,ef04bc98710835c470608596123580e0df1738e06f1191b0e8e731b4e43ac780
pathway_dependence_v2_1_8/compare_reconstruction.py,3197,0cb1d785d8d49a7f830af9db13e8fe7c32bfdd54dc106d0480b857736b57bcf1
pathway_dependence_v2_1_8/CONTENTS.txt,4908,32e4a6015eca7adf877ac100f808a61038224adce43728b79252856545398680
pathway_dependence_v2_1_8/data/cfd_mapping/alph05-10071-2024__fine_F100.npz,9884786,cc9d3daf424206949d0975b6a7fd44daa34a2c9f16d52767a85ac244a4d0edaa
pathway_dependence_v2_1_8/data/cfd_mapping/alph05-10071-2024__shared_F000.npz,2532661,18eb34322eb9904ad2b734f240713559e72a4989ed2fe8b67b05aaa2cb72dcd1
pathway_dependence_v2_1_8/data/cfd_mapping/alph15-10929-3036__fine_F100.npz,21438842,c7a2a02d9c69c483936976f4ff7c69746c8efe16621d76de4c0b042d0b64da0a
pathway_dependence_v2_1_8/data/cfd_mapping/alph15-10929-3036__shared_F000.npz,5425503,d076b7653e77d96e58129570196a7b4daab16fcc8f82024e1321ee8ed11a5703
pathway_dependence_v2_1_8/data/cfd_mapping/alph15-13929-2024__fine_F100.npz,13564310,3fd15da0810aa2b57f3d85cc015b703496d6c05e6ae2e2884a35b4d60fab2559
pathway_dependence_v2_1_8/data/cfd_mapping/alph15-13929-2024__shared_F000.npz,3465469,429facb0c30b0382264deb0b666cd00bc33f7e15cf1f81b7eee9638279c39ff0
pathway_dependence_v2_1_8/data/cfd_mapping/alph15-7929-2024__fine_F100.npz,7670832,cede1152c090d01467aa8058fdc8926c1bd61aba8945f4a22ebc6988cc6fdea1
pathway_dependence_v2_1_8/data/cfd_mapping/alph15-7929-2024__shared_F000.npz,1962806,f051005cebba1a1e72a6a1a90ce02da7377d1fe015b8a307cb60109d58d2f223
pathway_dependence_v2_1_8/data/cfd_mapping/complete_lattice_index.csv,1106,335373e4e7c59c17e992b81886202ab29eb4ebb8e649d6ca106f8edb634b5cfe
pathway_dependence_v2_1_8/data/cfd_mapping/input_provenance.json,1482,51deecb5a45ee5fc1805090bbe04892cf5d7a2310623e738ab25c365deef5149
pathway_dependence_v2_1_8/docs/REPRODUCIBILITY_BOUNDARY.md,734,f8f32b7f5096c8d3440b8a7baf69e98d86a15ddd2343583337bd9d7bbff4c5d9
pathway_dependence_v2_1_8/docs/RESULT_SOURCE_MAP.md,1261,171415142ade235f29c5f12c09af914dbb635ec11010693e009b0b1eae3f8ef1
pathway_dependence_v2_1_8/euclidean_diameter_bnb.py,7806,5b55b73a4bc9fb70defa58a4259b8c6cd0c501ac86b43fb9b5af2faf68b7856e
pathway_dependence_v2_1_8/euclidean_diameter_bnb_v2.py,1666,56f7d2208028301ed8b72e254a601825ac09d18d827959b119c95f61399915e3
pathway_dependence_v2_1_8/figure_input_hashes.json,454,97f5ac15099f016afae0e98e8291847077f96334fa243d496407bd6abc993a92
pathway_dependence_v2_1_8/figures/43_FIG_PROVENANCE_COST_PROFILES.pdf,40092,15558829c8c6d936820a8dfdca8d6d3c0b36e0d96bd374648b777767cc1a6d46
pathway_dependence_v2_1_8/figures/43_FIG_PROVENANCE_COST_PROFILES.png,462653,c6ffba8eec54a5a813bba6c48968fb2af74c55d2f06b18858f7899c00aacb4b0
pathway_dependence_v2_1_8/figures/43_FIG_PROVENANCE_COST_PROFILES.svg,166085,1879ac8d7b09e3756de95675f39ef23a4241f0c6f3e6695b3849a23daa5343c8
pathway_dependence_v2_1_8/figures/expanded_algorithm_evidence.pdf,18774,99e00d7bf55ad4d190be07be2e721e14e311600bb9b5bef0a6e56cff72100810
pathway_dependence_v2_1_8/figures/expanded_algorithm_evidence.png,161548,b66f217f4aa844e411b5e9c79f3dbff33e6f5d1572ec9380b63e7f1f2ff25f36
pathway_dependence_v2_1_8/figures/expanded_cost_sensitivity.pdf,21423,d282fad5e09e453bcd5375c62032c19c976a739cb57d53143e35725f9e5fc99e
pathway_dependence_v2_1_8/figures/expanded_cost_sensitivity.png,119473,28856f29bcdb6d9d71e4656e8e31d608cb71b5b4eb54fe3177a8c88f3568792b
pathway_dependence_v2_1_8/figures/expanded_worked_example.pdf,20734,802807cd07187032caf900b57135579df6cb3e1e8b29a7d7bec04212296e0464
pathway_dependence_v2_1_8/figures/expanded_worked_example.png,108415,6b999bcebee71c542043450a4b37fefc5efda6b682a0fb38acd6763b3ed6d8ec
pathway_dependence_v2_1_8/graph_constrained_coupling.py,14944,099f225bfe2d5259aa5814fb2bbf03b21376e5753e3f3aef0a6bd951726e10c8
pathway_dependence_v2_1_8/graph_coupling_milp.py,8125,2b915c0bcab2f5f9049a0f894a4bf9bfe72d76be782cf594e91928d688cc480b
pathway_dependence_v2_1_8/LICENSE-CODE,1074,185ce2871b1cb03281529e4fae5455c4f84f212cd726d6f8b1f64b6aaa6986b8
pathway_dependence_v2_1_8/LICENSE-DATA,18656,9e5f1b3c610b9c2da5c313bf81d577a7d1acec686bdb0384edefa6df0f90cd94
pathway_dependence_v2_1_8/make_expansion_figures.py,8163,73618e0be92eb4019bdaf7defc1342e1b85241a604d8d9005ae8cfd7528b5527
pathway_dependence_v2_1_8/plot_juq_provenance_cost_profiles.py,7705,f6aef7e7cb69f173c851715bb3d20c1a14c897673a34de6f9cc8a64a379980f8
pathway_dependence_v2_1_8/provenance/diffusion_precomputation.zip,5146,fbff9ee3f4f4e93f9a30910100557d702a8120a0e4d66d78f0275396d83e87d6
pathway_dependence_v2_1_8/provenance/README.md,492,d6ae38ce075469daaba9175eb22e986781f913842ba5db9468fa7fb035e8b91c
pathway_dependence_v2_1_8/README.md,4469,1b8a6e0730dc516a6fad784cd7bccdf9f547a31fda7a28ae0dc155795968b4d9
pathway_dependence_v2_1_8/RELEASE_NOTES.md,575,8ed0a20869f37be55434a2905cbaa30742f91849def533f217d2d28a7d074fd9
pathway_dependence_v2_1_8/requirements-figures.txt,38,eb005e773ea0f966227d8013c46a99779eecdd8432d2ca01125d46f3f2b2f4ac
pathway_dependence_v2_1_8/requirements.txt,37,205889d5002c94082bbdbe8372b028e5a2b43fb12627cf5ecb64b6b5919f684f
pathway_dependence_v2_1_8/run_all.py,4209,a6dc16e1ae14b129f9cf84dbaa914e4302ddece3908a4a70c2b9f31f4d9ca123
pathway_dependence_v2_1_8/run_directional_coupling_cover_certificate.py,6555,4afa0a528504fb0a1bb87225ed5f1c509e395dd897236a51df0a01a775fc223b
pathway_dependence_v2_1_8/run_extremal_coupling_certificate.py,5535,2a0d1990f658626f82b274bdf1b334134bcd32651cd13406fd87512cfd9f5198
pathway_dependence_v2_1_8/run_forest_dp_scaling_benchmark.py,5578,25692fe4cf1ccaa6a135d456526b7e549ead01b7a9d4656eb9360488128ace28
pathway_dependence_v2_1_8/run_graph_coupling_milp_benchmark.py,7892,05ec49550388359623a17eb69b8ffeb35b0ecb7e6b17edcdff933a79926c1c60
pathway_dependence_v2_1_8/run_real_cfd_common_partition_profiles.py,9184,a0d0ef5f49b2de654bd8e987eab53c141e3874dfe03f06a13533f07aa08dfb86
pathway_dependence_v2_1_8/SHA256SUMS.csv,13428,660949da7a2a0d53d537401bcd0345a1e28d841f2e0d83d3f542a541d27cac85
pathway_dependence_v2_1_8/stochastic_diffusion/independent_solver_audit.py,3893,e4c1a0bda41056fb36abc63e03af498c7cd837b74fbfc98f9fb9e258c8ac16e3
pathway_dependence_v2_1_8/stochastic_diffusion/PROTOCOL.md,4623,e0d77458084d9a04e83b6330d90e53f0173a7e79e1850cb1a38828194b947440
pathway_dependence_v2_1_8/stochastic_diffusion/results/all_partition_profiles.csv,14262,54605d392d28cbda8263a8ee0fe2228b4c3a1da9b62e0f1271c9af28938b44bd
pathway_dependence_v2_1_8/stochastic_diffusion/results/budget_profiles.csv,762,029f21f6103ce4e9f70e444184511d7fd1279dfdb687ee7b97ec2dfc84a79178
pathway_dependence_v2_1_8/stochastic_diffusion/results/cellwise_contributions.npz,1062,af868a322b4da2e63610835c949c09bc50b189d20fd748ab551c637e96ce963e
pathway_dependence_v2_1_8/stochastic_diffusion/results/certificate_summary.json,2196,9c8185fdd55d34f15471421530f8b27114b7200b681d245dbe3c0758ecfaaf05
pathway_dependence_v2_1_8/stochastic_diffusion/results/directional_certificate_diagnostic.pdf,18660,a8ee4b3655f918cf9a2de4dc20556e15480c31349a5bb8a984a1f5071e49461e
pathway_dependence_v2_1_8/stochastic_diffusion/results/directional_certificate_diagnostic.png,94724,e08865fa4955a469226395524b939fd26bfde85df17e359b1432108c7f790668
pathway_dependence_v2_1_8/stochastic_diffusion/results/FREEZE.json,510,58ca57bf11558dbb3ae67673c5ffde40b76a43f6f9f11bdcf7c164b675761504
pathway_dependence_v2_1_8/stochastic_diffusion/results/generation_summary.json,412,9ba7b59e4b4c1cb6c401443ca1cb37e2bc9849c61542cca268f8fab83b4dd1c9
pathway_dependence_v2_1_8/stochastic_diffusion/results/independent_solver_audit.json,5285,d54c56bd37076e3bae2267bbd6fd71f3715b0393d0ed2db4a72e60262de5b377
pathway_dependence_v2_1_8/stochastic_diffusion/results/manufactured_checks.json,2185,1b37d44f2082d07bbb96ad3feff1ddc2e84683568fde137fa9f7b69b754ff4c8
pathway_dependence_v2_1_8/stochastic_diffusion/results/pathway_nodes.npz,3988,0ba90a4629b703942c3e6210c74b27ffd951b1ced31c4f8db60ac5ba62eb6cb8
pathway_dependence_v2_1_8/stochastic_diffusion/results/pilot.json,17623,f6c3daef5920914508a438e9ed41b342f66b3a4f8507321ca503a091cd222a79
pathway_dependence_v2_1_8/stochastic_diffusion/results/raw_qoi.npz,18576,9b65b37d518d451afdf50abdb6b4ca4e0ba70e2234b92333f10fb48b2bc24e22
pathway_dependence_v2_1_8/stochastic_diffusion/results/solve_audit.csv,95555,6156475551fe490169a714da3882e4014dae7716cbdaa2ed8afa55443126e37a
pathway_dependence_v2_1_8/stochastic_diffusion/results/threshold_profiles.csv,8927,707c4af85ad09e2e000e17d5ef12406f9262c8f578b9c3c81937db16110efe73
pathway_dependence_v2_1_8/stochastic_diffusion/run_benchmark.py,1667,8bc5325466ea2cbaa0b6d7ee8bf0329bc70008063786bfe151ac0b6e4a26d120
pathway_dependence_v2_1_8/stochastic_diffusion/verify_certificates.py,7773,3497a199655125c89387f1ddfafd372dc630c8114a4445547f52db5a63f4867c
pathway_dependence_v2_1_8/stochastic_diffusion/verify_reference_solver.py,619,553e30e8d455125bfd691b8ceb82aa3b28bce558658213f09958eeac7763279a
pathway_dependence_v2_1_8/test_common_partition_width_equivalence.py,3078,e2147c92aa1c4da5997dd629cf9b0384515f72c94d7fe52f0405062ddfe43f3d
pathway_dependence_v2_1_8/test_coupling_semantics.py,1490,739f95d80b45dba0f75de735a098c9fe5eb8cdb6be933a18c114c41b6574e7aa
pathway_dependence_v2_1_8/test_degenerate_boundary_cases.py,3983,9eabe6a85684545be84ffebeed743e7f0a15cf3ecdd51e5ff001d47fb83732cf
pathway_dependence_v2_1_8/test_directional_coupling_cover.py,3952,e2a4a8064d713875e942e00c84324d38f6aba1aa35c4f1c56edcccffb24f7129
pathway_dependence_v2_1_8/test_euclidean_diameter_bnb.py,1218,7131650f9a0410505c88062f9ecb9cbd00c84b8c584703848e522061e39b52ff
pathway_dependence_v2_1_8/test_euclidean_diameter_maxcut_reduction.py,2148,c56ffdad7c2994869192b30042752c16ffe8e0d6dd88e24c59931ddea85d2982
pathway_dependence_v2_1_8/test_exact_extremizer_lists.py,1247,fda79bfeb185f2f086c6bbe6281cfcda7f0b4671cccca09f73efddee958ebebd
pathway_dependence_v2_1_8/test_graph_constrained_coupling.py,3446,05d2a3ef0d05935a3085f6e7133134e3ccf936af34be5c925ef5f0b546804339
pathway_dependence_v2_1_8/test_graph_coupling_large_forest.py,1062,fd2dd470fe01259f45a0fcfbf3a49bbb911c24b89e29d63110f67e0b3b66623a
pathway_dependence_v2_1_8/test_graph_coupling_milp.py,3102,df129ca864a035d6147f2364eb0910ed1925d48973ba85902d6ed378a5e81d78
pathway_dependence_v2_1_8/test_graph_multiway_reduction.py,1906,9ddb19c10104e3a177a7975ec5f0f42c774a3ae9b2255587d07c8a12adb053de
pathway_dependence_v2_1_8/test_intrinsic_coordinates_v2.py,1436,25484f69a5870448c9b0207d990838b04a1a3189616832cfe67031e8b11835df
pathway_dependence_v2_1_8/test_milp_witness_certificates.py,3788,372a122824957b62d807408667f954245f2e5d2db24dde48e107f516335b7ce8
pathway_dependence_v2_1_8/test_two_label_mincut.py,1851,f965dfcb0ba253f058106f666f1b0a5bf6656297c44fea9cd83f74dd8f491686
pathway_dependence_v2_1_8/test_weight_stability.py,2979,4db03391ae35ac6ed80481aa88903daf359a7beb22d1a63e395abc3ee29065fa
pathway_dependence_v2_1_8/verification_extensions/test_new_theory.py,5481,c0ae3f7b38758b914ea7f72af45b5fd2c7c660c838b5e16e96c67b32b66fc9e4
pathway_dependence_v2_1_8/verification_extensions/test_readonly_verification.py,1228,e6fa24daf2508a60f7bb547956636d0a787beab1f7d9cdc3daddbc4342b6fdc6
pathway_dependence_v2_1_8/verification_extensions/test_release_semantics.py,1241,244e35d309392ffedb30b7b9235f31d34c9e120814a327e251f00c5016467915
pathway_dependence_v2_1_8/verification_worker.py,2989,662b0cef6f4b424a5300b2417c8f53acc8068cb4a9c2bb5cca63bb9ec82c7063
pathway_dependence_v2_1_8/verify_algorithm_table.py,2922,12fc857e8a647beef7ac7ce74d36664a7669b85c5136010f4e7404467a0d6c50
pathway_dependence_v2_1_8/verify_manifest.py,2016,7c160205c3f517006e8e7ada340cead3f5afa6e30396d55ec27ffb25640ef5b4
pathway_dependence_v2_1_8/verify_real_cfd_diameter_near_ties.py,6055,0f4aeb8fddcd7c4e3d62430264ac0b18ee1336c78facad3cdafc3c06f3782911
pathway_dependence_v2_1_8/verify_worked_example.py,1439,3618306c00b8ccab4b801d09150fe204303aeafb99ae0bd557615f0517001277
pathway_dependence_v2_1_8/weight_stability.py,2330,1aabb183de64eb7e0cc58c5787841869252c77f758878a017cc260ac1f0e4403
pathway_dependence_v2_1_8/weight_stability_results.json,51896,717cec03efb5211edb685f798b1fb91b3a0abf58d545b30659781dd41f40d51c
pathway_dependence_v2_1_8/worked_example_verified.json,1487,5cb01dcd14b53c99c3f7fba7774d7b919caee385861394b4382b2321c1906f44
pathway_dependence_v2_1_9/06_extremal_coupling_certificate.json,6297,e95f5e6fa7f1012762928f91b4da3ef91f6d5ed5e9f9e7e381adbf86189cc2ba
pathway_dependence_v2_1_9/11_DIRECTIONAL_COUPLING_COVER_RESULTS.csv,710,782d7fda4831f4adf602776c179e765d1217d93554f52ebad00ca73491b37f4c
pathway_dependence_v2_1_9/30_GRAPH_COUPLING_MILP_BENCHMARK.csv,8208,56f8098c331aca16d261434902d90d38733d7e15f7b442f6e22586fef0ccf6b7
pathway_dependence_v2_1_9/30_GRAPH_COUPLING_MILP_BENCHMARK.json,36324,2bacab58a9ae56cf1680b8c8aaa4e4dd8fca3566c4418adfff3929542031748a
pathway_dependence_v2_1_9/31_REAL_CFD_DIAMETER_NEAR_TIE_AUDIT.csv,1302,fd1498fa34685c985f1a3deb0d7ff3ea8e3b8818829a818b033ad9a0366653f4
pathway_dependence_v2_1_9/31_REAL_CFD_DIAMETER_NEAR_TIE_AUDIT.json,11795,358a215015dca891f7ef755aa94f73a133e93084f8be859e3f789a05350cd946
pathway_dependence_v2_1_9/32_FOREST_DP_SCALING_BENCHMARK.csv,2230,506f9f52f2368f67b0e2d4867d9080a1fbfabf44a09e608480ccb33a71bc6a50
pathway_dependence_v2_1_9/32_FOREST_DP_SCALING_BENCHMARK.json,10723,5ba0b59d2a9822a748e8cdddc22e208a7f6d1406d3d21d1d5671ef562eedbfe4
pathway_dependence_v2_1_9/37_REAL_CFD_COMMON_PARTITION_PROFILES.csv,23902,0fdfbb6b3a6a9fd90bafe460415c0275025b4c1fc92067fc88ed476bdafcb251
pathway_dependence_v2_1_9/37_REAL_CFD_COMMON_PARTITION_PROFILES.json,104560,a5a5e8e95843ddd29c2ca846c132b14ba4c9f351a1aeaf7edcb0876c3dccc6cc
pathway_dependence_v2_1_9/42_REAL_CFD_COMMON_PARTITION_SUMMARY.csv,1943,0c234685d758c9dbaaf44b3296f9239585ee1ce4a71323e6db21e4e7ebd24271
pathway_dependence_v2_1_9/42_REAL_CFD_COMMON_PARTITION_SUMMARY.json,5533,5c005cab2941d7574947edaeeaa532bfea665688ec6fee22584d72f4504ad2dc
pathway_dependence_v2_1_9/45_ALGORITHM_CERTIFICATE_SUMMARY.csv,2343,789feebe6854698941a1a6b583a3d84af8f8096047a62a4e50789a10868e7522
pathway_dependence_v2_1_9/45_ALGORITHM_CERTIFICATE_TABLE_ROWS.tex,1035,bc9a22075d66cc2e9447d4f5f501978e56c1c9a7a31db1964380b06e809b4019
pathway_dependence_v2_1_9/analyze_mapping_intrinsic_rank.py,2508,4e4ebb5023f2470e7c9eeb2079b08304e189ff243e7c35f025473a98eb2a4427
pathway_dependence_v2_1_9/analyze_weight_stability.py,3172,b85969ee772188885a900b293f5c8ad36de060a46b5f6ef07baaa2ca5597951f
pathway_dependence_v2_1_9/auxiliary/robust_union/28_ROBUST_UNION_CFD_PROFILES.csv,3669,2912ad80569199828e7169d958e024bac8c1e9e2b14578bfce8b7cdf3da4eb51
pathway_dependence_v2_1_9/auxiliary/robust_union/28_ROBUST_UNION_CFD_PROFILES.json,23064,51d4ea05b8c2493a773b70bf636488bcf22be670f1bd244b47576572bbdb35ec
pathway_dependence_v2_1_9/auxiliary/robust_union/29_ROBUST_UNION_EPSILON_COSTS.csv,750,17719d4827a6daf3931f88f19598b2f35a676899ad79ca1d68e3c96c0e32253c
pathway_dependence_v2_1_9/auxiliary/robust_union/29_ROBUST_UNION_EPSILON_COSTS.json,3546,757f8f5c73db7d29853fab776d341cb733f03fa42d384b415ea3d606badc50b1
pathway_dependence_v2_1_9/auxiliary/robust_union/33_ROBUST_UNION_THRESHOLD_FRONTIERS.csv,949,3a46be9bac549e4faf5d4a6694437fda5d6930358e4be0d2e22515b2ba4142d2
pathway_dependence_v2_1_9/auxiliary/robust_union/33_ROBUST_UNION_THRESHOLD_FRONTIERS.json,9653,2b2c0e435c027ab1074b5b62218bc13eb1049be66f4c51be240cf6b7d6dea37f
pathway_dependence_v2_1_9/auxiliary/robust_union/35_ROBUST_UNION_EDGE_COST_SENSITIVITY.csv,20750,0b0c95ceed3bb16de3c49447b2ebb1c55c5b0d21a5e7252cc19f5a99679bac35
pathway_dependence_v2_1_9/auxiliary/robust_union/35_ROBUST_UNION_EDGE_COST_SENSITIVITY.json,9807,03f09b5aa0b2aec3f9d2b5595cae262a08ec59897922119e027a7f7d4eb93cff
pathway_dependence_v2_1_9/auxiliary/robust_union/analyze_robust_union_epsilon.py,2534,a4ed58526d92b5cc0cbd3da3e6f580dfb8d5f2ef1293316a35ea04e924028e48
pathway_dependence_v2_1_9/auxiliary/robust_union/build_robust_union_threshold_frontiers.py,4612,08c85e55eec4500b4d236afc32e32da1e60c83a93dd4808d97ca87b377376465
pathway_dependence_v2_1_9/auxiliary/robust_union/README.md,1188,5e132751a5d397f57247fe14e8cd536f4528b6028fd6ef5143321523a1135a1b
pathway_dependence_v2_1_9/auxiliary/robust_union/run_robust_union_edge_cost_sensitivity.py,6596,a38a402f8b7694821f0b61eab0370f0eab4e8ec8cf500412091a7bbbadb1d424
pathway_dependence_v2_1_9/auxiliary/robust_union/run_robust_union_profiles.py,6107,b27cb8984770750f94330a7ae97a8818c0cac75e705f03cc442337683d5e407c
pathway_dependence_v2_1_9/build_authoritative_cfd_summary.py,3729,06a289ed9406f568e1f72255ca10a8fd46bfce02f491fad193beb85fdd33c54e
pathway_dependence_v2_1_9/CITATION.cff,1690,a2cb465c11f06432727ac840dca82133ec5a81ea561536460935dc84fb67d003
pathway_dependence_v2_1_9/compare_reconstruction.py,3197,0cb1d785d8d49a7f830af9db13e8fe7c32bfdd54dc106d0480b857736b57bcf1
pathway_dependence_v2_1_9/CONTENTS.txt,5048,4fd4914fa11d7272566b45b41aa0a329b8c31ff697b9924364f1bdfb1865bc98
pathway_dependence_v2_1_9/data/cfd_mapping/alph05-10071-2024__fine_F100.npz,9884786,cc9d3daf424206949d0975b6a7fd44daa34a2c9f16d52767a85ac244a4d0edaa
pathway_dependence_v2_1_9/data/cfd_mapping/alph05-10071-2024__shared_F000.npz,2532661,18eb34322eb9904ad2b734f240713559e72a4989ed2fe8b67b05aaa2cb72dcd1
pathway_dependence_v2_1_9/data/cfd_mapping/alph15-10929-3036__fine_F100.npz,21438842,c7a2a02d9c69c483936976f4ff7c69746c8efe16621d76de4c0b042d0b64da0a
pathway_dependence_v2_1_9/data/cfd_mapping/alph15-10929-3036__shared_F000.npz,5425503,d076b7653e77d96e58129570196a7b4daab16fcc8f82024e1321ee8ed11a5703
pathway_dependence_v2_1_9/data/cfd_mapping/alph15-13929-2024__fine_F100.npz,13564310,3fd15da0810aa2b57f3d85cc015b703496d6c05e6ae2e2884a35b4d60fab2559
pathway_dependence_v2_1_9/data/cfd_mapping/alph15-13929-2024__shared_F000.npz,3465469,429facb0c30b0382264deb0b666cd00bc33f7e15cf1f81b7eee9638279c39ff0
pathway_dependence_v2_1_9/data/cfd_mapping/alph15-7929-2024__fine_F100.npz,7670832,cede1152c090d01467aa8058fdc8926c1bd61aba8945f4a22ebc6988cc6fdea1
pathway_dependence_v2_1_9/data/cfd_mapping/alph15-7929-2024__shared_F000.npz,1962806,f051005cebba1a1e72a6a1a90ce02da7377d1fe015b8a307cb60109d58d2f223
pathway_dependence_v2_1_9/data/cfd_mapping/complete_lattice_index.csv,1106,335373e4e7c59c17e992b81886202ab29eb4ebb8e649d6ca106f8edb634b5cfe
pathway_dependence_v2_1_9/data/cfd_mapping/input_provenance.json,1482,51deecb5a45ee5fc1805090bbe04892cf5d7a2310623e738ab25c365deef5149
pathway_dependence_v2_1_9/docs/lineage/graph_constrained_coupling_v2_1_8.py.txt,14944,099f225bfe2d5259aa5814fb2bbf03b21376e5753e3f3aef0a6bd951726e10c8
pathway_dependence_v2_1_9/docs/REPRODUCIBILITY_BOUNDARY.md,734,f8f32b7f5096c8d3440b8a7baf69e98d86a15ddd2343583337bd9d7bbff4c5d9
pathway_dependence_v2_1_9/docs/RESULT_SOURCE_MAP.md,1261,171415142ade235f29c5f12c09af914dbb635ec11010693e009b0b1eae3f8ef1
pathway_dependence_v2_1_9/euclidean_diameter_bnb.py,7806,5b55b73a4bc9fb70defa58a4259b8c6cd0c501ac86b43fb9b5af2faf68b7856e
pathway_dependence_v2_1_9/euclidean_diameter_bnb_v2.py,1666,56f7d2208028301ed8b72e254a601825ac09d18d827959b119c95f61399915e3
pathway_dependence_v2_1_9/figure_input_hashes.json,454,97f5ac15099f016afae0e98e8291847077f96334fa243d496407bd6abc993a92
pathway_dependence_v2_1_9/figures/43_FIG_PROVENANCE_COST_PROFILES.pdf,40092,15558829c8c6d936820a8dfdca8d6d3c0b36e0d96bd374648b777767cc1a6d46
pathway_dependence_v2_1_9/figures/43_FIG_PROVENANCE_COST_PROFILES.png,462653,c6ffba8eec54a5a813bba6c48968fb2af74c55d2f06b18858f7899c00aacb4b0
pathway_dependence_v2_1_9/figures/43_FIG_PROVENANCE_COST_PROFILES.svg,166085,1879ac8d7b09e3756de95675f39ef23a4241f0c6f3e6695b3849a23daa5343c8
pathway_dependence_v2_1_9/figures/expanded_algorithm_evidence.pdf,18774,99e00d7bf55ad4d190be07be2e721e14e311600bb9b5bef0a6e56cff72100810
pathway_dependence_v2_1_9/figures/expanded_algorithm_evidence.png,161548,b66f217f4aa844e411b5e9c79f3dbff33e6f5d1572ec9380b63e7f1f2ff25f36
pathway_dependence_v2_1_9/figures/expanded_cost_sensitivity.pdf,21423,d282fad5e09e453bcd5375c62032c19c976a739cb57d53143e35725f9e5fc99e
pathway_dependence_v2_1_9/figures/expanded_cost_sensitivity.png,119473,28856f29bcdb6d9d71e4656e8e31d608cb71b5b4eb54fe3177a8c88f3568792b
pathway_dependence_v2_1_9/figures/expanded_worked_example.pdf,20734,802807cd07187032caf900b57135579df6cb3e1e8b29a7d7bec04212296e0464
pathway_dependence_v2_1_9/figures/expanded_worked_example.png,108415,6b999bcebee71c542043450a4b37fefc5efda6b682a0fb38acd6763b3ed6d8ec
pathway_dependence_v2_1_9/graph_constrained_coupling.py,16170,7770eedf4319d9698f101088bcd818d2173dd3e1eecfb0f604d8396ec1ed47ef
pathway_dependence_v2_1_9/graph_coupling_milp.py,9992,37035dc8a95cf42546dd42d8894148e83d791ddd452348c836889b92d135bbb5
pathway_dependence_v2_1_9/LICENSE-CODE,1074,185ce2871b1cb03281529e4fae5455c4f84f212cd726d6f8b1f64b6aaa6986b8
pathway_dependence_v2_1_9/LICENSE-DATA,18656,9e5f1b3c610b9c2da5c313bf81d577a7d1acec686bdb0384edefa6df0f90cd94
pathway_dependence_v2_1_9/make_expansion_figures.py,8163,73618e0be92eb4019bdaf7defc1342e1b85241a604d8d9005ae8cfd7528b5527
pathway_dependence_v2_1_9/plot_juq_provenance_cost_profiles.py,7705,f6aef7e7cb69f173c851715bb3d20c1a14c897673a34de6f9cc8a64a379980f8
pathway_dependence_v2_1_9/provenance/diffusion_precomputation.zip,5146,fbff9ee3f4f4e93f9a30910100557d702a8120a0e4d66d78f0275396d83e87d6
pathway_dependence_v2_1_9/provenance/README.md,492,d6ae38ce075469daaba9175eb22e986781f913842ba5db9468fa7fb035e8b91c
pathway_dependence_v2_1_9/README.md,4543,fe99e99781b5c50464e617897535d76e21ede527ec2a23a5bb6bcfa46d285e72
pathway_dependence_v2_1_9/RELEASE_NOTES.md,1296,c511a8b58c62be50e950b2a4f93a3791b33de33c6c9be843e574a3e8be4ff178
pathway_dependence_v2_1_9/requirements-figures.txt,38,eb005e773ea0f966227d8013c46a99779eecdd8432d2ca01125d46f3f2b2f4ac
pathway_dependence_v2_1_9/requirements.txt,37,205889d5002c94082bbdbe8372b028e5a2b43fb12627cf5ecb64b6b5919f684f
pathway_dependence_v2_1_9/run_all.py,4209,2d031d3b3ae0a3e2d08499c81b96660e9a16ac7205547b0b0a566edceeb46a85
pathway_dependence_v2_1_9/run_directional_coupling_cover_certificate.py,6555,4afa0a528504fb0a1bb87225ed5f1c509e395dd897236a51df0a01a775fc223b
pathway_dependence_v2_1_9/run_extremal_coupling_certificate.py,5535,2a0d1990f658626f82b274bdf1b334134bcd32651cd13406fd87512cfd9f5198
pathway_dependence_v2_1_9/run_forest_dp_scaling_benchmark.py,5578,25692fe4cf1ccaa6a135d456526b7e549ead01b7a9d4656eb9360488128ace28
pathway_dependence_v2_1_9/run_graph_coupling_milp_benchmark.py,7892,05ec49550388359623a17eb69b8ffeb35b0ecb7e6b17edcdff933a79926c1c60
pathway_dependence_v2_1_9/run_real_cfd_common_partition_profiles.py,9184,a0d0ef5f49b2de654bd8e987eab53c141e3874dfe03f06a13533f07aa08dfb86
pathway_dependence_v2_1_9/scalar_semantics.py,1035,316f02a3d97469dc1dd6764a79132af5d0d247b7c5f29a9bf5171aae823a0cbe
pathway_dependence_v2_1_9/SHA256SUMS.csv,13754,e46affed0ded888d7501c700b64c17a0cfefd7ff9d0f031d81eb8dcc04b29f76
pathway_dependence_v2_1_9/stochastic_diffusion/independent_solver_audit.py,3893,e4c1a0bda41056fb36abc63e03af498c7cd837b74fbfc98f9fb9e258c8ac16e3
pathway_dependence_v2_1_9/stochastic_diffusion/PROTOCOL.md,4623,e0d77458084d9a04e83b6330d90e53f0173a7e79e1850cb1a38828194b947440
pathway_dependence_v2_1_9/stochastic_diffusion/results/all_partition_profiles.csv,14262,54605d392d28cbda8263a8ee0fe2228b4c3a1da9b62e0f1271c9af28938b44bd
pathway_dependence_v2_1_9/stochastic_diffusion/results/budget_profiles.csv,762,029f21f6103ce4e9f70e444184511d7fd1279dfdb687ee7b97ec2dfc84a79178
pathway_dependence_v2_1_9/stochastic_diffusion/results/cellwise_contributions.npz,1062,af868a322b4da2e63610835c949c09bc50b189d20fd748ab551c637e96ce963e
pathway_dependence_v2_1_9/stochastic_diffusion/results/certificate_summary.json,2196,9c8185fdd55d34f15471421530f8b27114b7200b681d245dbe3c0758ecfaaf05
pathway_dependence_v2_1_9/stochastic_diffusion/results/directional_certificate_diagnostic.pdf,18660,a8ee4b3655f918cf9a2de4dc20556e15480c31349a5bb8a984a1f5071e49461e
pathway_dependence_v2_1_9/stochastic_diffusion/results/directional_certificate_diagnostic.png,94724,e08865fa4955a469226395524b939fd26bfde85df17e359b1432108c7f790668
pathway_dependence_v2_1_9/stochastic_diffusion/results/FREEZE.json,510,58ca57bf11558dbb3ae67673c5ffde40b76a43f6f9f11bdcf7c164b675761504
pathway_dependence_v2_1_9/stochastic_diffusion/results/generation_summary.json,412,9ba7b59e4b4c1cb6c401443ca1cb37e2bc9849c61542cca268f8fab83b4dd1c9
pathway_dependence_v2_1_9/stochastic_diffusion/results/independent_solver_audit.json,5285,d54c56bd37076e3bae2267bbd6fd71f3715b0393d0ed2db4a72e60262de5b377
pathway_dependence_v2_1_9/stochastic_diffusion/results/manufactured_checks.json,2185,1b37d44f2082d07bbb96ad3feff1ddc2e84683568fde137fa9f7b69b754ff4c8
pathway_dependence_v2_1_9/stochastic_diffusion/results/pathway_nodes.npz,3988,0ba90a4629b703942c3e6210c74b27ffd951b1ced31c4f8db60ac5ba62eb6cb8
pathway_dependence_v2_1_9/stochastic_diffusion/results/pilot.json,17623,f6c3daef5920914508a438e9ed41b342f66b3a4f8507321ca503a091cd222a79
pathway_dependence_v2_1_9/stochastic_diffusion/results/raw_qoi.npz,18576,9b65b37d518d451afdf50abdb6b4ca4e0ba70e2234b92333f10fb48b2bc24e22
pathway_dependence_v2_1_9/stochastic_diffusion/results/solve_audit.csv,95555,6156475551fe490169a714da3882e4014dae7716cbdaa2ed8afa55443126e37a
pathway_dependence_v2_1_9/stochastic_diffusion/results/threshold_profiles.csv,8927,707c4af85ad09e2e000e17d5ef12406f9262c8f578b9c3c81937db16110efe73
pathway_dependence_v2_1_9/stochastic_diffusion/run_benchmark.py,1667,8bc5325466ea2cbaa0b6d7ee8bf0329bc70008063786bfe151ac0b6e4a26d120
pathway_dependence_v2_1_9/stochastic_diffusion/verify_certificates.py,8498,d4dce451cd5325627a9adba5f726c0cab0c9271737b5db6d6523210822b1231d
pathway_dependence_v2_1_9/stochastic_diffusion/verify_reference_solver.py,851,9aababc2285c68689fb7f9a247fe8dbe9cebaf754d3e8d4a5bcd2b9f6073d8fc
pathway_dependence_v2_1_9/test_common_partition_width_equivalence.py,3078,e2147c92aa1c4da5997dd629cf9b0384515f72c94d7fe52f0405062ddfe43f3d
pathway_dependence_v2_1_9/test_coupling_semantics.py,1490,739f95d80b45dba0f75de735a098c9fe5eb8cdb6be933a18c114c41b6574e7aa
pathway_dependence_v2_1_9/test_degenerate_boundary_cases.py,3983,9eabe6a85684545be84ffebeed743e7f0a15cf3ecdd51e5ff001d47fb83732cf
pathway_dependence_v2_1_9/test_directional_coupling_cover.py,3952,e2a4a8064d713875e942e00c84324d38f6aba1aa35c4f1c56edcccffb24f7129
pathway_dependence_v2_1_9/test_euclidean_diameter_bnb.py,1218,7131650f9a0410505c88062f9ecb9cbd00c84b8c584703848e522061e39b52ff
pathway_dependence_v2_1_9/test_euclidean_diameter_maxcut_reduction.py,2148,c56ffdad7c2994869192b30042752c16ffe8e0d6dd88e24c59931ddea85d2982
pathway_dependence_v2_1_9/test_exact_extremizer_lists.py,1247,fda79bfeb185f2f086c6bbe6281cfcda7f0b4671cccca09f73efddee958ebebd
pathway_dependence_v2_1_9/test_graph_constrained_coupling.py,3452,31afe7a792097376d6fa33b7714830abd9e1d2beb6dba737ace15f713982acfe
pathway_dependence_v2_1_9/test_graph_coupling_large_forest.py,1062,fd2dd470fe01259f45a0fcfbf3a49bbb911c24b89e29d63110f67e0b3b66623a
pathway_dependence_v2_1_9/test_graph_coupling_milp.py,3102,df129ca864a035d6147f2364eb0910ed1925d48973ba85902d6ed378a5e81d78
pathway_dependence_v2_1_9/test_graph_multiway_reduction.py,1906,9ddb19c10104e3a177a7975ec5f0f42c774a3ae9b2255587d07c8a12adb053de
pathway_dependence_v2_1_9/test_intrinsic_coordinates_v2.py,1436,25484f69a5870448c9b0207d990838b04a1a3189616832cfe67031e8b11835df
pathway_dependence_v2_1_9/test_milp_witness_certificates.py,3788,372a122824957b62d807408667f954245f2e5d2db24dde48e107f516335b7ce8
pathway_dependence_v2_1_9/test_numerical_certificate_guards.py,4812,d4af7a9bd720b7cd4c715ed6a0c6db47429786657c04db81960f1d3542517066
pathway_dependence_v2_1_9/test_two_label_mincut.py,1851,f965dfcb0ba253f058106f666f1b0a5bf6656297c44fea9cd83f74dd8f491686
pathway_dependence_v2_1_9/test_weight_stability.py,2979,4db03391ae35ac6ed80481aa88903daf359a7beb22d1a63e395abc3ee29065fa
pathway_dependence_v2_1_9/verification_extensions/test_new_theory.py,5481,c0ae3f7b38758b914ea7f72af45b5fd2c7c660c838b5e16e96c67b32b66fc9e4
pathway_dependence_v2_1_9/verification_extensions/test_readonly_verification.py,1228,e6fa24daf2508a60f7bb547956636d0a787beab1f7d9cdc3daddbc4342b6fdc6
pathway_dependence_v2_1_9/verification_extensions/test_release_semantics.py,1241,244e35d309392ffedb30b7b9235f31d34c9e120814a327e251f00c5016467915
pathway_dependence_v2_1_9/verification_worker.py,2989,662b0cef6f4b424a5300b2417c8f53acc8068cb4a9c2bb5cca63bb9ec82c7063
pathway_dependence_v2_1_9/verify_algorithm_table.py,2922,12fc857e8a647beef7ac7ce74d36664a7669b85c5136010f4e7404467a0d6c50
pathway_dependence_v2_1_9/verify_manifest.py,2016,7c160205c3f517006e8e7ada340cead3f5afa6e30396d55ec27ffb25640ef5b4
pathway_dependence_v2_1_9/verify_real_cfd_diameter_near_ties.py,6055,0f4aeb8fddcd7c4e3d62430264ac0b18ee1336c78facad3cdafc3c06f3782911
pathway_dependence_v2_1_9/verify_worked_example.py,1439,3618306c00b8ccab4b801d09150fe204303aeafb99ae0bd557615f0517001277
pathway_dependence_v2_1_9/weight_stability.py,2330,1aabb183de64eb7e0cc58c5787841869252c77f758878a017cc260ac1f0e4403
pathway_dependence_v2_1_9/weight_stability_results.json,51896,717cec03efb5211edb685f798b1fb91b3a0abf58d545b30659781dd41f40d51c
pathway_dependence_v2_1_9/worked_example_verified.json,1487,5cb01dcd14b53c99c3f7fba7774d7b919caee385861394b4382b2321c1906f44
protocols/179_frozen_second_stage_fallback_protocol.json,2166,683dc7287bd7457c3548bf9e740986008a64c0d5c10c6388ac4c1316ce874536
protocols/179_frozen_second_stage_fallback_protocol.md,1171,af653ff8f72d451d957469c96e67b69c02021a52eaeed4358a6f81c979aabb47
protocols/179_protocol_freeze_sha256.json,468,eff3567ea50e2b102b48f5bf9e1d89b4c893e607fd58576521b5f8fac8586998
protocols/184_frozen_protocol179_model_comparison.json,6242,78807946e5539194fc4a78d785a88234abacbf81c2ee9cfccf2e7fe119082bf0
protocols/184_frozen_protocol179_model_comparison.md,757,0544251221eec6bbc1bab8c50882686b91f41204023843a9852a58dafbfdaf1c
protocols/184_protocol179_model_comparison_sha256.json,241,33d7c970286130f7c15024090a60c44a7532ff987090ab0ed2edb4c87eaaca77
protocols/184a_frozen_interaction_evaluation_implementation.json,3015,b928adc47174e5f4406ab0b8099bc83cda401920a04030a9bd3e0f55a3a82122
protocols/184a_interaction_evaluation_sha256.json,134,fbb951cbbf1da1c4b97d73aaac1cbaaa93dd0cb564878e8a76139c2c7f9d6831
provenance/completion_marker_inventory.csv,2882,46226f045c0e66f7ee88310e699f6c896993deb9b93e77b2adb1c72893fedbd3
provenance/completion_markers/alph05-10071-2024/F000/STEADY_PRODUCTION_COMPLETE.ok,26,73988e0eb8220e14f890968d4f71778206892423f4e3b1dbf5730acb7f62d092
provenance/completion_markers/alph05-10071-2024/F010/IDENTIFIABILITY_SOLVER_COMPLETE.ok,26,58a9ac0f603d7ada16b9df8b6ab0c7f937aca2a67dfc4bd8f74b272431085873
provenance/completion_markers/alph05-10071-2024/F100/IDENTIFIABILITY_SOLVER_COMPLETE.ok,26,448a59eed0148d3d383ee2d82ac845a514e8b14ddf2703b0dfe279f165167c55
provenance/completion_markers/alph05-10071-2024/F110/IDENTIFIABILITY_SOLVER_COMPLETE.ok,26,3595408017f93a5fa6434e650a0537f0faee81c5c9f349e2ae47d671f0c169f0
provenance/completion_markers/alph15-10929-3036/F000/STEADY_PRODUCTION_COMPLETE.ok,26,a01b7151bc7b109536746fc8c4ec6e32be2ce5ef4df6e5e9d66ad7cb8897153e
provenance/completion_markers/alph15-10929-3036/F010/IDENTIFIABILITY_SOLVER_COMPLETE.ok,26,7874248937174dcdb663ef9c485caf3385fbb452c8c4b82b399043f95a38d54c
provenance/completion_markers/alph15-10929-3036/F100/IDENTIFIABILITY_SOLVER_COMPLETE.ok,26,08a660c0b61905ed1824619b8a36ab5a870387808638ada96138e1968304efb4
provenance/completion_markers/alph15-10929-3036/F110/IDENTIFIABILITY_SOLVER_COMPLETE.ok,26,4ee6e9c02588aac2f0cef2ae060b6f88c451504326bd6bd961dc3438a0f9ecdd
provenance/completion_markers/alph15-13929-2024/F000/STEADY_PRODUCTION_COMPLETE.ok,26,9df5c8a133bc227ea2dfa1655212140a6ac290c82a05e6252c1f8cbffa7939ac
provenance/completion_markers/alph15-13929-2024/F010/STEADY_PRODUCTION_COMPLETE.ok,26,d0311d43bd6b167dc9c3be569e2ffefe7bbb3fdf66342551706d670674efd960
provenance/completion_markers/alph15-13929-2024/F100/STEADY_PRODUCTION_COMPLETE.ok,26,ac9e11e4c2e6147d99f3c506940f49688220deadb6ea330a82ce833d725aecc2
provenance/completion_markers/alph15-13929-2024/F110/STEADY_PRODUCTION_COMPLETE.ok,26,f2da3a0a1c5557cbdd69782b5b995ef44f254934de878de8fdeaaf0830adcddd
provenance/completion_markers/alph15-7929-2024/F000/STEADY_PRODUCTION_COMPLETE.ok,26,9e9b77f19a588ff5dfebd734af6d4a22e066ce5d4590bbd64213e1745e19bf7d
provenance/completion_markers/alph15-7929-2024/F010/STEADY_PRODUCTION_COMPLETE.ok,26,c3e29eaf4ac7200877e62c85dfcfd8394d8ae03c95ee113b705d6c43a1244906
provenance/completion_markers/alph15-7929-2024/F100/STEADY_PRODUCTION_COMPLETE.ok,26,116e9ed075ca997f78e550c6449a917c9739ba7353dd7d58d6b0d27607d76799
provenance/completion_markers/alph15-7929-2024/F110/STEADY_PRODUCTION_COMPLETE.ok,26,a9f3a3020a0d3ce24b0d4a8780bd5e2e25a2aca6d0ad3102e400e5aac2ba31f4
provenance/EXPLORATORY_FOUR_LATTICE_MATERIALITY_188_COMPLETE.ok,179,8cd6f8239d92ab69ddecfbe908021f921e0b0502512f8cde1d7c53b707197a41
provenance/MANUFACTURED_TWO_GATE_BENCHMARK_199_COMPLETE.ok,86,b1afc1a4cda0027c0a8ef6590200447c9cb95e2a1e6e8cce018b9436157f0078
provenance/PROTOCOL_179_INTERACTION_BELOW_MATERIALITY_FLOOR.ok,173,8d86393defff6a32aaa2e5359982d337628979bbb966b4509e413697d7686dd5
provenance/PROTOCOL_179_MODEL_INPUTS_185_COMPLETE.ok,100,f0a5d1ae02877aa12c7de2b7534bb8b7e7b45428d8115dfea1ceabee517239e5
README.md,3209,54fc3aac57b6c3df3ec199a3da8c98da2c83b9bcf676c43ec5a3a82bbaf07448
release_archives/pathway_coupling_certificates_v2.1.8_20260906.zip,67153063,f76f5249508cc36d2bde64a053bf6b98811c9f56e19ce331f8278d8b83d50d51
release_archives/pathway_coupling_certificates_v2.1.9_20260907.zip,67161648,9cd8a8478e744a1adbdc21dd11e34e209565ff62fc4867d08c7fe82a79699d9b
RELEASE_V1.2.0.md,1125,0e7c51c3a14b70ccb16e75ed0d5bc99dfb4c2eb61da80f5d0c7ca56494349f8b
RELEASE_V1.3.0.md,1704,2a0ac7d5cdd86c57113569e7c44cc9cb35b44cf7f4b40ccc14b3fdc2abbe892a
RELEASE_V2.1.8.md,1133,3910701938826bb52aa17c45536bf0e17a58c4ba77d5e18cbc18ca7a7ecbb1f4
RELEASE_V2.1.9.md,1296,c511a8b58c62be50e950b2a4f93a3791b33de33c6c9be843e574a3e8be4ff178
REPOSITORY_FILE_SHA256.csv,42197,4721c10801332e9c9b3b0e38717e0158386e19662abe1196f23c564847d8f178
requirements.txt,77,2be494851f3e3d84acd19ecf6425a1afc789faeda0d0525880da183e12e3428a
theory/198_estimability_resolvability_theory_20260728.md,5768,156e72a7e2ecd14a5f768bfb044e8a09861eb40640d8ee959a470ba30ec4906e
THIRD_PARTY_DATA_NOTICE.md,643,a9f62bfb1018632f66db68c1e7cc9981d80c6d2b7ca8024ad82b16c60bfdfe7f
v16_method_upgrade/.gitignore,38,599e8d09a18b6bac6f70ed12bf96f67e49c4d992ee2601bc173d92fbcb64b11d
v16_method_upgrade/00_FROZEN_CMAME_METHOD_UPGRADE_PROTOCOL.md,6385,5d76ba579ae82b3dba4c26749eb15de996c3a51c509c2ba385db4a4a508447bf
v16_method_upgrade/01_run_support_repair_benchmarks.py,8675,1c8cb5f4d468ff6ab83ebb44b5c8beec13e543756b099b1c3ec030a87f0e9137
v16_method_upgrade/01_support_repair_benchmark_results.csv,1928,7b7ce82c87af4565783fbdbd9698cc70ecf07dcb8dd52fdbc11a8fdbf2fc2874
v16_method_upgrade/01_support_repair_benchmark_results.json,11039,c69acd751cf01266a5ff7249e28a3f93222317db07d80d536ca6ec76db52bbcf
v16_method_upgrade/01_support_repair_benchmark_summary.json,305,1e382ae5eb75df73e7b40ef74e5dbbb31e52297481b6a52ac1453237350f5fd8
v16_method_upgrade/01b_greedy_runtime_scaling.csv,5200,5d7ffbac88dada4a46302010cb94caa5aa355360949692520e1d6b36fe6df460
v16_method_upgrade/01b_randomized_support_benchmark.csv,32736,d7ff4a41809ab1eea4fa205daa13b7adf2ada4416166c66e5ad5a7db55021659
v16_method_upgrade/01b_randomized_support_benchmark_full.json,1143095,2b5d3e5434a0b01c941fa595f0e5788e97e82654f13d2876d4fcc70afcfff1ad
v16_method_upgrade/01b_randomized_support_benchmark_summary.json,2550,d0a9abe11d8326c9d1958d0e4aa8d52dceb108021ca5711dd7df82e9b849993a
v16_method_upgrade/01b_run_randomized_support_benchmarks.py,10639,5af694d236434e61cc7524ecf4ca0dd08f3a0b15bcb640f294d96b485df5fe89
v16_method_upgrade/02_gate2_calibration_results.csv,24995,1a3526f236ff9382cfdd06cbfa32437b265194dae683d710cc1d4f8054baa408
v16_method_upgrade/02_gate2_calibration_summary.json,28885,d3dff082a76a2b5af2fdb70817667b7447e3b55f56e2f347673cb9b8c0809d24
v16_method_upgrade/02_run_gate2_calibration.py,7460,9a7aa007bc2698739cb377db29b4df2ea5d831471c05ef9676564d757c889bdc
v16_method_upgrade/03_cfd_threshold_sensitivity.csv,760,31cc6acf06f049c4ff017ba840f43aacf7a977622e99376bc8dddfc56960c5ab
v16_method_upgrade/03_reanalyse_archived_statistics.py,6954,55a62a307c06e40ae8f065ce57fd843bf2322ed826a7ab8fcf1755ab887e4245
v16_method_upgrade/03_retrospective_statistics_summary.json,2821,bec3575cd41d80e1e77611a86da6be3af773c6282b49fbf58277d954f8097bba
v16_method_upgrade/04b_multilevel_closed_loop_results.csv.gz,1236519,93d4e2e4b183db79a2a4aac65a41c7c8819f5e68ec0b07eb63685f6e119b05bd
v16_method_upgrade/04b_multilevel_closed_loop_summary.json,8227,dbcd2512199e4e9c1f8a61eb9fbe2f08fd4715150d4d6be32691045715af84e7
v16_method_upgrade/04b_run_multilevel_closed_loop_acquisition.py,19548,dbc649017e7ddf3937a073fc1092ee9a7fb26fa97c9d151bf573ee26895f33e2
v16_method_upgrade/04c_run_truth_grid_closed_loop_audit.py,7769,5374c23b25c7478e533943dd9fbcb039129df75816f7bf24184d5e4c8bd1509e
v16_method_upgrade/04c_truth_grid_closed_loop_results.csv.gz,2670034,f670c619ee6577365eada6d0caf19f95f12deae1e89ee3a7f0994d99f0315719
v16_method_upgrade/04c_truth_grid_closed_loop_summary.csv,7185,a499bb9d4606050cf6efcf8f9f381db996f13bb769b1611a92942f3697cd540f
v16_method_upgrade/04c_truth_grid_closed_loop_summary.json,60720,1fc69b98b5e53b59e297badc17ea9ada4478a4e7d4567db822cba5fc3b221810
v16_method_upgrade/05_FROZEN_REAL_CFD_MAPPING_REPAIR_IMPLEMENTATION.md,1395,ab289392b99eceee13911d24b47710d124f5646faaca468f42c023d1d1478893
v16_method_upgrade/05_real_cfd_cellwise_mapping_sensitivity.csv,2453,8054611d9eaf492d9a6785c533c708067a81aee13be4ea37eca7d8ac8bf728ca
v16_method_upgrade/05_real_cfd_contrast_mapping_repair.csv,3501,1deec701395d06a082c8dd9f5736277b540409fbd3cb6ca70d9fdbb605e4db7e
v16_method_upgrade/05_real_cfd_contrast_mapping_repair.json,11190,a4c38df0047dab19b0bccafe9866075bf055f2cfff7412da48cdf301a7bf52c0
v16_method_upgrade/05_run_real_cfd_contrast_mapping_repair.py,13535,6aad6b28a57f58d26fe4267ff4e6cb2aff2da1f3a8dd641924ddfe6c20bc95d8
v16_method_upgrade/06_FROZEN_SHARED_SUPPORT_AUDIT.md,1247,2b38a1243f10635424c0e1347dd0545e7ad736cca293809552e8d5638e0c10cc
v16_method_upgrade/06_run_shared_support_audit.py,8390,3443cfc93f4269190fdc6c4630e5328f58be4b1af92126c5b7cf908aff499bce
v16_method_upgrade/06_shared_support_audit.csv,2154,c140bcc2aa07166770534155c83b18bbb5a7fda4dc676cd2e6f3ce3e7def491f
v16_method_upgrade/06_shared_support_audit.json,8531,40188099a1c4f68c2c1bcbcb377f2de907c3899ab5770c93cc909743f578e599
v16_method_upgrade/06_shared_support_cellwise_sensitivity.csv,1196,0235945b6d7ed0e4f0c7c437e165549d5513e73e449266a10dc35c13967f439c
v16_method_upgrade/07_FROZEN_JOINT_MAPPING_ENSEMBLE_AUDIT.md,1215,e5669b7c95c1598f3bbc08af09c68c4523d8fa2caee9dcb408528b0002b446bf
v16_method_upgrade/07_joint_mapping_ensemble_audit.csv,1777,14ffed8410887dbdcc7d517d4383d6cb0dbd96b451578dc102d197d35b8d02de
v16_method_upgrade/07_joint_mapping_ensemble_audit.json,4398,6abd05274c4b7e1d894fcf9f05206439f994439ff94019d5cb6adc624aa5b722
v16_method_upgrade/07_joint_mapping_ensemble_pairwise.csv,7907,0f7cdf780c7df5935ab6122a15935d65e96ea56a68f3973db79d0b5531c98a1a
v16_method_upgrade/07_run_joint_mapping_ensemble_audit.py,9737,03806a1a68524a58aadfb299d76c9272fc6dcb9d7e86db9b8bf1acaf9fadd66e
v16_method_upgrade/07b_run_symmetric_mapping_recombination_audit.py,9945,41be37f63289aa339fdf31b6e3c5a62503f7e69a3852c6e99bd305df8ffd2eb4
v16_method_upgrade/07b_symmetric_mapping_recombination_audit.csv,2470,c68433b9f9349f9ef7b97ffa93509426f2858679bf5ce687cb7789bc9b24cae1
v16_method_upgrade/07b_symmetric_mapping_recombination_audit.json,103980,03a31ea433cb34cc28042b6e29ce927f0f4973020b8155a5dc7076c4d96196a3
v16_method_upgrade/07c_recompute_mapping_from_derived_vectors.py,3856,0b4e69871f07ffa01789e090639ae4c563ba7ab2f2331ef95e74c118c13ae8cb
v16_method_upgrade/07c_recomputed_mapping_from_vectors.json,3267,7decefce50b948c23de8865883bdee0d4300fc13543a4ef72ba0804c200b2506
v16_method_upgrade/08_V16_EVIDENCE_SUMMARY.json,2932,a3746eed2a336659de8b7a0fd7a37caddcee6da23cfdde0213c0339b0002c3c8
v16_method_upgrade/09_FROZEN_SECOND_PHYSICS_TRANSFER_AUDIT.md,1749,ed43f076109817209808fcc2f52192693b9115811716f594b3a0ad604a97e2aa
v16_method_upgrade/09_run_second_physics_transfer_audit.py,5696,af2e3bbb2d27fb3925a88178d25f0d32c4100ee542829561af38d59feaf312f5
v16_method_upgrade/09_second_physics_transfer_audit.csv,1220,7b9b35f8013c236e890b5d1d7ba22e92324c2719ca87ea6cbc6a7013100e3827
v16_method_upgrade/09_second_physics_transfer_audit.json,3340,3edb6574c0a01694c7dbe81e6c7b5332a4ea749e9bb021a98e7cb85caaee4ec6
v16_method_upgrade/CITATION.cff,1263,6c0956ce79e71e23d827121b5b06fa675c1b527e80f693ebb5c8aae36e487d61
v16_method_upgrade/contrast_resolution.py,4798,3877aed485554593c4ff656c8ef053177cedfe0d7e77e1fd895e4b25211bac70
v16_method_upgrade/derived_mapping_vectors_v12/alph15-13929-2024__fine_F100.npz,13563773,329ca47aff5008a5ce5eb29bf102a349f347b6d96f2178f53481658534218a44
v16_method_upgrade/derived_mapping_vectors_v12/alph15-13929-2024__shared_F000.npz,3464970,c8f18a72103fe82a30731b83f68d44cfb02d6e0cc1a7b50753121d05b26a8d8c
v16_method_upgrade/derived_mapping_vectors_v12/alph15-7929-2024__fine_F100.npz,7670403,0bb945a1c229d34ec7b61070891c01dc41b02f68dfbb41cfc4ee85ee16e7709d
v16_method_upgrade/derived_mapping_vectors_v12/alph15-7929-2024__shared_F000.npz,1962374,8245675899b28668dc7343346c4a52213c8c770b03ec41e9ffefe9b5c97c32c3
v16_method_upgrade/figures/261_fig_contrast_directed_method.pdf,37825,90ee6ccafbae9ed538833386e34b15354578c65d126684763f6f993682efe078
v16_method_upgrade/figures/261_fig_contrast_directed_method.png,458245,919b9be764f7ceb82314b8825f999adc3e165fa59a0fe96862fd1e1bca4f14fe
v16_method_upgrade/figures/262_fig_cost_to_valid_decision.pdf,28730,442aced1c78ad27ec959a703d077d4e73b41668c6b8f81c4024d53e5cf7cec7f
v16_method_upgrade/figures/262_fig_cost_to_valid_decision.png,441260,887f6c11605b67139423c77a69dffcd5bce5e75bf1434882765193bf2117d800
v16_method_upgrade/figures/263_fig_coherent_vs_recombined_mapping.pdf,41322,9b93e748e466e39eafb1d266ee76749a3522f317eb4fc03448a817bfe1c3cef3
v16_method_upgrade/figures/263_fig_coherent_vs_recombined_mapping.png,326618,50374731842a7dc0510e8d63f3398d25b4ba0cd850d7f375b67524abaf686850
v16_method_upgrade/figures/265_fig_truth_grid_policy_sensitivity.pdf,22039,2f1a5ecb1398e119d9c60a51f2fe52911a8001103026bdce6e31e4404e5be4b6
v16_method_upgrade/figures/265_fig_truth_grid_policy_sensitivity.png,244343,fdfe1a00db2399a7f43a9db4ac221013acb67cd0c0c5974ec0c7f527542fb078
v16_method_upgrade/LICENSE-CODE,1074,185ce2871b1cb03281529e4fae5455c4f84f212cd726d6f8b1f64b6aaa6986b8
v16_method_upgrade/LICENSE-DATA,18656,9e5f1b3c610b9c2da5c313bf81d577a7d1acec686bdb0384edefa6df0f90cd94
v16_method_upgrade/mapping_set_metrics.py,1101,477ee46fa7a9fcaa330890650123adeacf80eb38d3463d911451b28a5b7fc754
v16_method_upgrade/PROTOCOL_LINEAGE.md,741,41ca6e6ec4535ca3eda02e7c8af280adaf179e8fa579133ba07d5b1882436022
v16_method_upgrade/README.md,2534,63e3905c302ebf359b428eb26e3fb36bdf061c0193883a5624ba88e523fbb0e3
v16_method_upgrade/REPRODUCIBILITY_BOUNDARY.md,778,43125554f59ccfde75885d6181255f423923393aeaef74f804201f34d9254d11
v16_method_upgrade/requirements.txt,52,e6279b1e4e75995c2052cba9fce8f19e68f63d14ee2bd3701c2d8d12bb04b78e
v16_method_upgrade/run_all.py,2112,a1193cccfafc2ae0a06ad2dbfcc24d7d807b1d54a7431eeeed0a31f3a161df12
v16_method_upgrade/SHA256SUMS.csv,10595,6e9254e28441cd945de1de6d8da2be25225def5f425e7f0b0a76246270c91fee
v16_method_upgrade/SUBMISSION_EXTENSION_V16.md,137,0b918343da82d1cdf86b91dd7aefdf066ab38690d3d153376bc51eeef9bb1529
v16_method_upgrade/support_repair.py,10911,4bf18ca6cc5c5fbe6edd5f633a51008b36a3d00a16a0f5a1c17d18f6403524b9
v16_method_upgrade/test_contrast_resolution.py,1650,bdf0e179e807520bc83593f7d900a7df2d12cb45dff58474c0a4efa5b0e65998
v16_method_upgrade/test_joint_mapping_ensemble.py,943,f8f2f680d26ee8133207806be400e34ecf82279b06cad552d4d8a35a05cf044f
v16_method_upgrade/test_mapping_set_metrics.py,1077,767ac2d84806c13eb51bc4df464b48c1833d95045f5086619bc8a05be4a8156d
v16_method_upgrade/test_multilevel_closed_loop.py,1630,c5e71abdefaaa39fcc837dbbccc49b3f146b23b1edf0662c80af4c87bcee1c35
v16_method_upgrade/test_second_physics_transfer.py,624,a9c750dbf2aadf1fc3bc9c2b20032745acd43c38eab99bc4f2d8b1c3b0713db9
v16_method_upgrade/test_support_repair.py,1842,f44ce463a4a7b97308a93b5483209b80dd05f3838356351ff2672fc7f1384b86
v16_method_upgrade/V16_complete_lattice_mapping_audit/00_FROZEN_V16_ALL_COMPLETE_LATTICES_PROTOCOL.md,955,be60e669098d4b4b4b28c53ff43cf5f54354aa0e5c9ca7f9eb1295d3131a0c87
v16_method_upgrade/V16_complete_lattice_mapping_audit/expected/audit.csv,2604,221fe21e9a5f29bfe9d71fedb6e3fc2d34887e5f1f4c29f7c2930debc5539190
v16_method_upgrade/V16_complete_lattice_mapping_audit/expected/audit.json,9996,c23a4f7cd146f54cda6d31bb63ebdc738a861498a4ce90e99001bf4daa54bb27
v16_method_upgrade/V16_complete_lattice_mapping_audit/input/alph05-10071-2024__fine_F100.npz,9884786,cc9d3daf424206949d0975b6a7fd44daa34a2c9f16d52767a85ac244a4d0edaa
v16_method_upgrade/V16_complete_lattice_mapping_audit/input/alph05-10071-2024__shared_F000.npz,2532661,18eb34322eb9904ad2b734f240713559e72a4989ed2fe8b67b05aaa2cb72dcd1
v16_method_upgrade/V16_complete_lattice_mapping_audit/input/alph15-10929-3036__fine_F100.npz,21438842,c7a2a02d9c69c483936976f4ff7c69746c8efe16621d76de4c0b042d0b64da0a
v16_method_upgrade/V16_complete_lattice_mapping_audit/input/alph15-10929-3036__shared_F000.npz,5425503,d076b7653e77d96e58129570196a7b4daab16fcc8f82024e1321ee8ed11a5703
v16_method_upgrade/V16_complete_lattice_mapping_audit/input/alph15-13929-2024__fine_F100.npz,13564310,3fd15da0810aa2b57f3d85cc015b703496d6c05e6ae2e2884a35b4d60fab2559
v16_method_upgrade/V16_complete_lattice_mapping_audit/input/alph15-13929-2024__shared_F000.npz,3465469,429facb0c30b0382264deb0b666cd00bc33f7e15cf1f81b7eee9638279c39ff0
v16_method_upgrade/V16_complete_lattice_mapping_audit/input/alph15-7929-2024__fine_F100.npz,7670832,cede1152c090d01467aa8058fdc8926c1bd61aba8945f4a22ebc6988cc6fdea1
v16_method_upgrade/V16_complete_lattice_mapping_audit/input/alph15-7929-2024__shared_F000.npz,1962806,f051005cebba1a1e72a6a1a90ce02da7377d1fe015b8a307cb60109d58d2f223
v16_method_upgrade/V16_complete_lattice_mapping_audit/input/complete_lattice_index.csv,1106,335373e4e7c59c17e992b81886202ab29eb4ebb8e649d6ca106f8edb634b5cfe
v16_method_upgrade/V16_complete_lattice_mapping_audit/input/input_provenance.json,1469,61c18841b91f0b5e80d5c22e48648eca6360921e13fb82b5c9b3ccbb534439b4
v16_method_upgrade/V16_complete_lattice_mapping_audit/README.md,875,e80934bc410a39fe6a2a6a572df0ebf9a03a3f8b1f3059bb2be42d0ff745b93f
v16_method_upgrade/V16_complete_lattice_mapping_audit/run_v16_audit.py,12499,c189ef43501a85562e5ad1c3e1c2f81f7a8f68e2b06c8d69eed63fadf6660f1a
v20_method_upgrade/.gitignore,38,599e8d09a18b6bac6f70ed12bf96f67e49c4d992ee2601bc173d92fbcb64b11d
v20_method_upgrade/00_FROZEN_METHOD_UPGRADE_PROTOCOL.md,6384,f64daf8ee2a45197f4140790d6ec6afe792f05035be4f289441df82e693fa614
v20_method_upgrade/01_run_support_repair_benchmarks.py,8675,1c8cb5f4d468ff6ab83ebb44b5c8beec13e543756b099b1c3ec030a87f0e9137
v20_method_upgrade/01_support_repair_benchmark_results.csv,1928,7b7ce82c87af4565783fbdbd9698cc70ecf07dcb8dd52fdbc11a8fdbf2fc2874
v20_method_upgrade/01_support_repair_benchmark_results.json,11039,c69acd751cf01266a5ff7249e28a3f93222317db07d80d536ca6ec76db52bbcf
v20_method_upgrade/01_support_repair_benchmark_summary.json,305,1e382ae5eb75df73e7b40ef74e5dbbb31e52297481b6a52ac1453237350f5fd8
v20_method_upgrade/01b_greedy_runtime_scaling.csv,5200,5d7ffbac88dada4a46302010cb94caa5aa355360949692520e1d6b36fe6df460
v20_method_upgrade/01b_randomized_support_benchmark.csv,32736,d7ff4a41809ab1eea4fa205daa13b7adf2ada4416166c66e5ad5a7db55021659
v20_method_upgrade/01b_randomized_support_benchmark_full.json,1143095,2b5d3e5434a0b01c941fa595f0e5788e97e82654f13d2876d4fcc70afcfff1ad
v20_method_upgrade/01b_randomized_support_benchmark_summary.json,2550,d0a9abe11d8326c9d1958d0e4aa8d52dceb108021ca5711dd7df82e9b849993a
v20_method_upgrade/01b_run_randomized_support_benchmarks.py,10639,5af694d236434e61cc7524ecf4ca0dd08f3a0b15bcb640f294d96b485df5fe89
v20_method_upgrade/02_gate2_calibration_results.csv,24995,1a3526f236ff9382cfdd06cbfa32437b265194dae683d710cc1d4f8054baa408
v20_method_upgrade/02_gate2_calibration_summary.json,28885,d3dff082a76a2b5af2fdb70817667b7447e3b55f56e2f347673cb9b8c0809d24
v20_method_upgrade/02_run_gate2_calibration.py,7460,9a7aa007bc2698739cb377db29b4df2ea5d831471c05ef9676564d757c889bdc
v20_method_upgrade/03_cfd_threshold_sensitivity.csv,760,31cc6acf06f049c4ff017ba840f43aacf7a977622e99376bc8dddfc56960c5ab
v20_method_upgrade/03_reanalyse_archived_statistics.py,6954,55a62a307c06e40ae8f065ce57fd843bf2322ed826a7ab8fcf1755ab887e4245
v20_method_upgrade/03_retrospective_statistics_summary.json,2821,bec3575cd41d80e1e77611a86da6be3af773c6282b49fbf58277d954f8097bba
v20_method_upgrade/04b_multilevel_closed_loop_results.csv.gz,981221,efb5a1d13ac1937d938cbad8c78e73f5fbe2335856cbb2dd034123cfbcefd086
v20_method_upgrade/04b_multilevel_closed_loop_summary.json,7859,b5f7cde71cec8e9a7665283843b8035daae7268921d3846b4014df3dac990761
v20_method_upgrade/04b_run_multilevel_closed_loop_acquisition.py,21401,2e1a068302fe6eb03ab94a84904e8cd9e5ea691481611b92452c582503c5dd3a
v20_method_upgrade/04c_run_truth_grid_closed_loop_audit.py,8094,df0c621ebf80b29981457502e27c987b85e74014e16467ca50310e450cb1a316
v20_method_upgrade/04c_truth_grid_closed_loop_results.csv.gz,1978510,98c3ad0fe6b2b6d283e726aec4956d5b8790c960146320e15f98ea3782abe794
v20_method_upgrade/04c_truth_grid_closed_loop_summary.csv,6450,722419179e95a2f22bbf037ba5049d223ff334d40d1416fe1d30e41a00c91c4a
v20_method_upgrade/04c_truth_grid_closed_loop_summary.json,54807,1c8f3136411164c0d39faf5f3a088ca9c6f8a767022ee9c66ee24b8eff8ec512
v20_method_upgrade/05_FROZEN_REAL_CFD_MAPPING_REPAIR_IMPLEMENTATION.md,1395,ab289392b99eceee13911d24b47710d124f5646faaca468f42c023d1d1478893
v20_method_upgrade/05_real_cfd_cellwise_mapping_sensitivity.csv,2453,8054611d9eaf492d9a6785c533c708067a81aee13be4ea37eca7d8ac8bf728ca
v20_method_upgrade/05_real_cfd_contrast_mapping_repair.csv,3501,1deec701395d06a082c8dd9f5736277b540409fbd3cb6ca70d9fdbb605e4db7e
v20_method_upgrade/05_real_cfd_contrast_mapping_repair.json,11190,a4c38df0047dab19b0bccafe9866075bf055f2cfff7412da48cdf301a7bf52c0
v20_method_upgrade/05_run_real_cfd_contrast_mapping_repair.py,13535,6aad6b28a57f58d26fe4267ff4e6cb2aff2da1f3a8dd641924ddfe6c20bc95d8
v20_method_upgrade/06_FROZEN_SHARED_SUPPORT_AUDIT.md,1247,2b38a1243f10635424c0e1347dd0545e7ad736cca293809552e8d5638e0c10cc
v20_method_upgrade/06_run_shared_support_audit.py,8390,3443cfc93f4269190fdc6c4630e5328f58be4b1af92126c5b7cf908aff499bce
v20_method_upgrade/06_shared_support_audit.csv,2154,c140bcc2aa07166770534155c83b18bbb5a7fda4dc676cd2e6f3ce3e7def491f
v20_method_upgrade/06_shared_support_audit.json,8531,40188099a1c4f68c2c1bcbcb377f2de907c3899ab5770c93cc909743f578e599
v20_method_upgrade/06_shared_support_cellwise_sensitivity.csv,1196,0235945b6d7ed0e4f0c7c437e165549d5513e73e449266a10dc35c13967f439c
v20_method_upgrade/07_FROZEN_JOINT_MAPPING_ENSEMBLE_AUDIT.md,1215,e5669b7c95c1598f3bbc08af09c68c4523d8fa2caee9dcb408528b0002b446bf
v20_method_upgrade/07_joint_mapping_ensemble_audit.csv,1777,14ffed8410887dbdcc7d517d4383d6cb0dbd96b451578dc102d197d35b8d02de
v20_method_upgrade/07_joint_mapping_ensemble_audit.json,4398,6abd05274c4b7e1d894fcf9f05206439f994439ff94019d5cb6adc624aa5b722
v20_method_upgrade/07_joint_mapping_ensemble_pairwise.csv,7907,0f7cdf780c7df5935ab6122a15935d65e96ea56a68f3973db79d0b5531c98a1a
v20_method_upgrade/07_run_joint_mapping_ensemble_audit.py,9737,03806a1a68524a58aadfb299d76c9272fc6dcb9d7e86db9b8bf1acaf9fadd66e
v20_method_upgrade/07b_run_symmetric_mapping_recombination_audit.py,9945,41be37f63289aa339fdf31b6e3c5a62503f7e69a3852c6e99bd305df8ffd2eb4
v20_method_upgrade/07b_symmetric_mapping_recombination_audit.csv,2470,c68433b9f9349f9ef7b97ffa93509426f2858679bf5ce687cb7789bc9b24cae1
v20_method_upgrade/07b_symmetric_mapping_recombination_audit.json,103980,03a31ea433cb34cc28042b6e29ce927f0f4973020b8155a5dc7076c4d96196a3
v20_method_upgrade/07c_recompute_mapping_from_derived_vectors.py,3856,0b4e69871f07ffa01789e090639ae4c563ba7ab2f2331ef95e74c118c13ae8cb
v20_method_upgrade/07c_recomputed_mapping_from_vectors.json,3267,7decefce50b948c23de8865883bdee0d4300fc13543a4ef72ba0804c200b2506
v20_method_upgrade/08_V16_EVIDENCE_SUMMARY.json,2932,a3746eed2a336659de8b7a0fd7a37caddcee6da23cfdde0213c0339b0002c3c8
v20_method_upgrade/08_V20_EVIDENCE_SUMMARY.json,2540,68537913ddbf4af9069164054977c22db153cc623857905e5df145070776930b
v20_method_upgrade/09_FROZEN_SECOND_PHYSICS_TRANSFER_AUDIT.md,1749,ed43f076109817209808fcc2f52192693b9115811716f594b3a0ad604a97e2aa
v20_method_upgrade/09_run_second_physics_transfer_audit.py,5696,af2e3bbb2d27fb3925a88178d25f0d32c4100ee542829561af38d59feaf312f5
v20_method_upgrade/09_second_physics_transfer_audit.csv,1220,7b9b35f8013c236e890b5d1d7ba22e92324c2719ca87ea6cbc6a7013100e3827
v20_method_upgrade/09_second_physics_transfer_audit.json,3340,3edb6574c0a01694c7dbe81e6c7b5332a4ea749e9bb021a98e7cb85caaee4ec6
v20_method_upgrade/CITATION.cff,1660,a44a2d645480e0d59c59efa475e37fe9c41f78cbcbb2e597f34457d6823bc49a
v20_method_upgrade/contrast_resolution.py,4798,3877aed485554593c4ff656c8ef053177cedfe0d7e77e1fd895e4b25211bac70
v20_method_upgrade/derived_mapping_vectors_v12/alph15-13929-2024__fine_F100.npz,13563773,329ca47aff5008a5ce5eb29bf102a349f347b6d96f2178f53481658534218a44
v20_method_upgrade/derived_mapping_vectors_v12/alph15-13929-2024__shared_F000.npz,3464970,c8f18a72103fe82a30731b83f68d44cfb02d6e0cc1a7b50753121d05b26a8d8c
v20_method_upgrade/derived_mapping_vectors_v12/alph15-7929-2024__fine_F100.npz,7670403,0bb945a1c229d34ec7b61070891c01dc41b02f68dfbb41cfc4ee85ee16e7709d
v20_method_upgrade/derived_mapping_vectors_v12/alph15-7929-2024__shared_F000.npz,1962374,8245675899b28668dc7343346c4a52213c8c770b03ec41e9ffefe9b5c97c32c3
v20_method_upgrade/EXTENSION_LINEAGE_V16.md,214,ee8651141b32bf7d444e4646610e1d6df790e99f1100bcbbc1e9e6083896c4b6
v20_method_upgrade/figures/261_fig_contrast_directed_method.pdf,570839,79da26946fc7a9790e291e1398b386f71e8482dacb38ad3f742050ce2fc4686e
v20_method_upgrade/figures/261_fig_contrast_directed_method.png,458245,919b9be764f7ceb82314b8825f999adc3e165fa59a0fe96862fd1e1bca4f14fe
v20_method_upgrade/figures/262_fig_cost_to_valid_decision.pdf,31040,2e8d3eefb0eb0b298981437ead6807d9e27f279794ef1ada732c2049a2098380
v20_method_upgrade/figures/262_fig_cost_to_valid_decision.png,779470,fb8e4f5f36aa2e927f3aca393aa96b6fadb7b61ec730fc85bb85bf37a5cedd10
v20_method_upgrade/figures/263_fig_coherent_vs_recombined_mapping.pdf,690206,c2d430800b4d65facfc428864dd59c92528e0fb0610d173047fe7310cb7af320
v20_method_upgrade/figures/263_fig_coherent_vs_recombined_mapping.png,506511,9a3de2e92f3a80dea2372b01d3d4d39014a09536661e0302a3a648e565c5a3c9
v20_method_upgrade/figures/265_fig_truth_grid_policy_sensitivity.pdf,19381,6db50e29b9ed7e3ea47b97f4d0cb86aa88232cba0f45ff03ae732507fa47b315
v20_method_upgrade/figures/265_fig_truth_grid_policy_sensitivity.png,436528,477ff94d00d9b64fb51369eb6d3bbf0db4c35b9b918711485e19cc39e496e7f5
v20_method_upgrade/LICENSE-CODE,1074,185ce2871b1cb03281529e4fae5455c4f84f212cd726d6f8b1f64b6aaa6986b8
v20_method_upgrade/LICENSE-DATA,18656,9e5f1b3c610b9c2da5c313bf81d577a7d1acec686bdb0384edefa6df0f90cd94
v20_method_upgrade/mapping_set_metrics.py,1101,477ee46fa7a9fcaa330890650123adeacf80eb38d3463d911451b28a5b7fc754
v20_method_upgrade/PROTOCOL_LINEAGE.md,724,1d554bd2858da6c01798522940d1008e5f8ceac4c204c84b8217288eefa8725c
v20_method_upgrade/README.md,3090,0e71de937e77918dd629c6404c79624331b9aca355b4aa9266ae49a96205cfd6
v20_method_upgrade/REPRODUCIBILITY_BOUNDARY.md,1113,7a1e76593a12a5eefab99a55ff0d8da63bb144382b3e139354653c45032061e7
v20_method_upgrade/requirements.txt,52,e6279b1e4e75995c2052cba9fce8f19e68f63d14ee2bd3701c2d8d12bb04b78e
v20_method_upgrade/run_all.py,2807,a547ecb53e44d00210d0373f579025141e2987b16815ce129212194ec71af288
v20_method_upgrade/SHA256SUMS.csv,10691,f9fef3dabe09227228be05e3f0d0169013ba6005de3adfcc997e7106ae177e9e
v20_method_upgrade/support_repair.py,10911,4bf18ca6cc5c5fbe6edd5f633a51008b36a3d00a16a0f5a1c17d18f6403524b9
v20_method_upgrade/test_contrast_resolution.py,1650,bdf0e179e807520bc83593f7d900a7df2d12cb45dff58474c0a4efa5b0e65998
v20_method_upgrade/test_joint_mapping_ensemble.py,943,f8f2f680d26ee8133207806be400e34ecf82279b06cad552d4d8a35a05cf044f
v20_method_upgrade/test_mapping_set_metrics.py,1077,767ac2d84806c13eb51bc4df464b48c1833d95045f5086619bc8a05be4a8156d
v20_method_upgrade/test_multilevel_closed_loop.py,2248,52dbea02a70f7cf69b9822b3aea66b467cf55a3f0ee4ebe110c4d576cd223a1c
v20_method_upgrade/test_second_physics_transfer.py,624,a9c750dbf2aadf1fc3bc9c2b20032745acd43c38eab99bc4f2d8b1c3b0713db9
v20_method_upgrade/test_support_repair.py,1842,f44ce463a4a7b97308a93b5483209b80dd05f3838356351ff2672fc7f1384b86
v20_method_upgrade/V16_complete_lattice_mapping_audit/00_FROZEN_V16_ALL_COMPLETE_LATTICES_PROTOCOL.md,955,be60e669098d4b4b4b28c53ff43cf5f54354aa0e5c9ca7f9eb1295d3131a0c87
v20_method_upgrade/V16_complete_lattice_mapping_audit/expected/audit.csv,2604,221fe21e9a5f29bfe9d71fedb6e3fc2d34887e5f1f4c29f7c2930debc5539190
v20_method_upgrade/V16_complete_lattice_mapping_audit/expected/audit.json,9996,c23a4f7cd146f54cda6d31bb63ebdc738a861498a4ce90e99001bf4daa54bb27
v20_method_upgrade/V16_complete_lattice_mapping_audit/input/alph05-10071-2024__fine_F100.npz,9884786,cc9d3daf424206949d0975b6a7fd44daa34a2c9f16d52767a85ac244a4d0edaa
v20_method_upgrade/V16_complete_lattice_mapping_audit/input/alph05-10071-2024__shared_F000.npz,2532661,18eb34322eb9904ad2b734f240713559e72a4989ed2fe8b67b05aaa2cb72dcd1
v20_method_upgrade/V16_complete_lattice_mapping_audit/input/alph15-10929-3036__fine_F100.npz,21438842,c7a2a02d9c69c483936976f4ff7c69746c8efe16621d76de4c0b042d0b64da0a
v20_method_upgrade/V16_complete_lattice_mapping_audit/input/alph15-10929-3036__shared_F000.npz,5425503,d076b7653e77d96e58129570196a7b4daab16fcc8f82024e1321ee8ed11a5703
v20_method_upgrade/V16_complete_lattice_mapping_audit/input/alph15-13929-2024__fine_F100.npz,13564310,3fd15da0810aa2b57f3d85cc015b703496d6c05e6ae2e2884a35b4d60fab2559
v20_method_upgrade/V16_complete_lattice_mapping_audit/input/alph15-13929-2024__shared_F000.npz,3465469,429facb0c30b0382264deb0b666cd00bc33f7e15cf1f81b7eee9638279c39ff0
v20_method_upgrade/V16_complete_lattice_mapping_audit/input/alph15-7929-2024__fine_F100.npz,7670832,cede1152c090d01467aa8058fdc8926c1bd61aba8945f4a22ebc6988cc6fdea1
v20_method_upgrade/V16_complete_lattice_mapping_audit/input/alph15-7929-2024__shared_F000.npz,1962806,f051005cebba1a1e72a6a1a90ce02da7377d1fe015b8a307cb60109d58d2f223
v20_method_upgrade/V16_complete_lattice_mapping_audit/input/complete_lattice_index.csv,1106,335373e4e7c59c17e992b81886202ab29eb4ebb8e649d6ca106f8edb634b5cfe
v20_method_upgrade/V16_complete_lattice_mapping_audit/input/input_provenance.json,1469,61c18841b91f0b5e80d5c22e48648eca6360921e13fb82b5c9b3ccbb534439b4
v20_method_upgrade/V16_complete_lattice_mapping_audit/README.md,875,e80934bc410a39fe6a2a6a572df0ebf9a03a3f8b1f3059bb2be42d0ff745b93f
v20_method_upgrade/V16_complete_lattice_mapping_audit/run_v16_audit.py,12499,c189ef43501a85562e5ad1c3e1c2f81f7a8f68e2b06c8d69eed63fadf6660f1a
v9_method_upgrade/00_FROZEN_CMAME_METHOD_UPGRADE_PROTOCOL.md,6388,1a968493932df2269ba4cd8268d5b77ea7b8afaecb04f4217e4f240540ff7c06
v9_method_upgrade/01_run_support_repair_benchmarks.py,8592,f3b18928f2cee56fb8043e996458aafd0971fb013a0b506d8e519b074bd681e9
v9_method_upgrade/01_support_repair_benchmark_results.csv,1941,fb8d7e9dc5a25ae4a2eac71dbe344b49b764aa37b043d9d9d89ac27ccebf3cf6
v9_method_upgrade/01_support_repair_benchmark_results.json,11547,b87e74207d5c8a2bd2e4858e2eb4a05a9b83bbe10d2d2d45ecc5e5f5bd7b5ee8
v9_method_upgrade/01_support_repair_benchmark_summary.json,268,4387f13280675b979302dfe77c8a7378282d1685cad91685e4473b57401bd0d9
v9_method_upgrade/02_gate2_calibration_results.csv,7590,c83045b83709261f4287fb4fbb3764b5dadc41450b9f2752043ca22b9d6dbbb1
v9_method_upgrade/02_gate2_calibration_summary.json,9987,dbe8753075bee58c3f26f3671d1f2b2e8bbaebe0265db484d59a0778d57d1349
v9_method_upgrade/02_run_gate2_calibration.py,6834,0daf577c3408cb9c2f61e05006da7fb13923b1afaf00b1b8503d816b89faa0e4
v9_method_upgrade/03_cfd_threshold_sensitivity.csv,776,ec6dabcf7208555d0d0c6720f79cf2861cd95857447c3f73b0987ce12884bc07
v9_method_upgrade/03_reanalyse_archived_statistics.py,6955,a6acaeef3212ed4d776658a72b5db25512e9c4f253e2f2a25184b7d693f64645
v9_method_upgrade/03_retrospective_statistics_summary.json,2900,bd482556678eb942e78dee716034da2108f65be45ae63205ef6b8e512380f851
v9_method_upgrade/04_closed_loop_acquisition_results.csv,9686478,e876b72c3414d06498d82f7d43a09fc6b4c88b28f6a82809849b693405c3d7fa
v9_method_upgrade/04_closed_loop_acquisition_summary.json,6356,d933a7c83b49f7aae9d511bdaa9d0009aa38f74d4c9691b5d786f4987ce6bcaf
v9_method_upgrade/04_run_closed_loop_acquisition.py,12069,4d25aaffe5bd47e81589912958faaf4218edd228d3c2d53e82a4fc4f67d90bff
v9_method_upgrade/04b_multilevel_closed_loop_results.csv,17641799,8d05a0683a19da63a7a6b449630579b5906a2f82434e4cb180ec3a07be946654
v9_method_upgrade/04b_multilevel_closed_loop_summary.json,8438,defd95c535e17d60d184e1f2026333ccfe50126133f415bc78d96f8b039f16e0
v9_method_upgrade/04b_run_multilevel_closed_loop_acquisition.py,19507,4899b9224da57a6085a8229027fa9511a0dd577ec80a42bb1b776469562f21ee
v9_method_upgrade/05_FROZEN_REAL_CFD_MAPPING_REPAIR_IMPLEMENTATION.md,1396,976816ef59e9cf9019faa0afde032e6766d7053baf177d39ef2591114b0b5c4d
v9_method_upgrade/05_real_cfd_cellwise_mapping_sensitivity.csv,2478,8df050cb4cd0f57885d687a9cf2328ce0bafe99d4237529b0b77e7224870344b
v9_method_upgrade/05_real_cfd_contrast_mapping_repair.csv,3508,1dc9353fbe24d6adb48423ca949669e91da280c987050eacb5c67a5b0af90ab5
v9_method_upgrade/05_real_cfd_contrast_mapping_repair.json,11336,55750e6348e1bd9d27647b2d37ac1b958fab515468a593703040b1286f21407f
v9_method_upgrade/05_run_real_cfd_contrast_mapping_repair.py,13444,dbee60529169164e9ec23f3a5d4fd01980906ae1cdd4ceb0125c6bcb098fd68a
v9_method_upgrade/06_FROZEN_SHARED_SUPPORT_AUDIT.md,1248,9a252ea87565033bcb79988dae375a8cf8e19905501b269cf65594bcbec548b4
v9_method_upgrade/06_run_shared_support_audit.py,8349,9d5614a703ef17a455665eb870c4cc210281ee5034aaa4b28ab47631315533a9
v9_method_upgrade/06_shared_support_audit.csv,2161,30d9493c9837e9ee0eac6acf18da990fc18645d0b0b65cd8e91a5edd52a84ee4
v9_method_upgrade/06_shared_support_audit.json,8658,30d0e781177fdacbaf4b3f248b1e4ac6779b4632b60cc0a4d55573bcac2edabb
v9_method_upgrade/06_shared_support_cellwise_sensitivity.csv,1221,212998684414c932889d4aaa21aaa4d4f3b06e3c902d14c85458d8c2f8f56d4d
v9_method_upgrade/07_FROZEN_JOINT_MAPPING_ENSEMBLE_AUDIT.md,1216,8283fc3b0eb6dc8e07c33de68347e0f9bb97d87f98be3239e7d775aafc0eb7b1
v9_method_upgrade/07_joint_mapping_ensemble_audit.csv,1782,24ea82cc2307f120b09c930da6fc080e6dbfbbb465d29b732b1af3047d435365
v9_method_upgrade/07_joint_mapping_ensemble_audit.json,4444,76340de034f12c339055fd850b4272be64ca05c051645278291cc7bd62f181ab
v9_method_upgrade/07_joint_mapping_ensemble_pairwise.csv,8028,005dc08265552e8ada629c0c47a11ed0b07039d6fdaea450deed85f55a294975
v9_method_upgrade/07_run_joint_mapping_ensemble_audit.py,9646,048c7dc39dcb357cf74c56596465dc2ecf6e9c0e9daf02af7f15822a9cfd5426
v9_method_upgrade/08_build_method_upgrade_evidence_summary.py,12125,0ebf2fcc46d5f10ae41bbce9b2364fc2827d1847bea47c92207e2267b2a41e22
v9_method_upgrade/08_method_upgrade_evidence_summary.json,7172,abc960ccae0d63a29072933f0a8777df0eaf23f57cc6217ba23e687b9ea76151
v9_method_upgrade/08_method_upgrade_evidence_summary.md,3671,eab42f775864940d9964f4755ac3b18950fabb0458d6b50de00acd61208e02eb
v9_method_upgrade/09_FROZEN_SECOND_PHYSICS_TRANSFER_AUDIT.md,1750,5c8b767dbe015f47ad5b2993897abd85590f3c72585f1dfc4772989605a92a6f
v9_method_upgrade/09_run_second_physics_transfer_audit.py,5655,ef06c3399ec6ac70a2614ea6362d1ad7c86884cbf456b661d2ce93a84a468f87
v9_method_upgrade/09_second_physics_transfer_audit.csv,1224,5628b3d37a122d5d4aa0c90993fcf28a4333a15f66fd7fbb9476909f7c065770
v9_method_upgrade/09_second_physics_transfer_audit.json,3368,828a3f7ed9e5c04d03bfd8725d957185f4643a42f3278cc9fb944904270411d9
v9_method_upgrade/10_V9_MANUSCRIPT_RECONSTRUCTION_BLUEPRINT.md,4383,aa8821d6d8c69409e445d36659e07ba1e741a05ac062fa361a65028348940a24
v9_method_upgrade/build_v9_main_figures.py,12372,9aa6392bb722b9123d2f07344d123fab20500af64b531546a58311d94966d864
v9_method_upgrade/contrast_resolution.py,3550,371317f211d5e74728c8bf15c26c0c2180e3ef074eb9fa347e038e6753848be2
v9_method_upgrade/README.md,1113,9b524b711e8eb645e7d6068a181f0c476210f116c9daa56781d504d8c195fd35
v9_method_upgrade/REPRODUCIBILITY_BOUNDARY.md,2115,1ab74f489beb54fea1c99272f3b9b268e244ed3d9ddf022a26bfd93556824433
v9_method_upgrade/support_repair.py,10912,2416605bc46110785bcb46944fd2d67df9417c6e7b5d1c2ed3b949501dfb8c47
v9_method_upgrade/test_contrast_resolution.py,1026,4b72ec4d4df964340b211150ad6d1375cdbed7efb2117cf24f375fbe35b42295
v9_method_upgrade/test_joint_mapping_ensemble.py,943,f8f2f680d26ee8133207806be400e34ecf82279b06cad552d4d8a35a05cf044f
v9_method_upgrade/test_multilevel_closed_loop.py,1631,e3280e50fff516f487551950bdc0254eef52b1312ad7ad64b2fd6a78ba40223d
v9_method_upgrade/test_second_physics_transfer.py,625,cf18574f71d40748717eb0d759592a8b48deba0f67e0161ec1234dcc153e0a3c
v9_method_upgrade/test_support_repair.py,1843,166146e7dfa5adf1ffd089e3b0eb34ff61b0a14cace84b75bb52fc1146a79312
