n,residual,elapsed_s,l2_error,minimum_conductivity,maximum_conductivity,pathway,sample,level
8,1.7016567431142538e-15,0.0008868000004440546,,1.018035801870588,1.7342614763192201,0,0,0
12,4.017267350463604e-15,0.0006480000010924414,,0.9981593436935727,1.7493337602442507,0,0,1
16,7.378772273831888e-15,0.000734499997633975,,0.9902147980993924,1.754663773984262,0,0,2
24,1.747978549328034e-14,0.0011892000002262648,,0.9836419221021689,1.7584883917722602,0,0,3
32,3.155903100993539e-14,0.0018001999997068197,,0.9778066558117045,1.759830454505878,0,0,4
40,5.107480149272959e-14,0.0027950999974564184,,0.9738036375599476,1.7604522436157182,0,0,5
48,7.46976257807857e-14,0.0036867999988317024,,0.971093799227598,1.7607901663616878,0,0,6
64,1.3352404481953793e-13,0.006239099999220343,,0.9676488769400002,1.7611262813367399,0,0,7
8,1.5942552328933518e-15,0.00044580000030691735,,0.8608375544591682,1.071982398057151,0,1,0
12,3.280980894427949e-15,0.0004773999971803278,,0.8598234970205512,1.0787988195072578,0,1,1
16,5.642327775126509e-15,0.0006072000032872893,,0.8595112037908316,1.081487070914638,0,1,2
24,1.3696457911254656e-14,0.0011274000025878195,,0.8593256668934321,1.0831890260834447,0,1,3
32,2.4413330679677394e-14,0.0018397999992885161,,0.859280763466651,1.0836836817752133,0,1,4
40,4.1707127261476043e-14,0.0027000000009138603,,0.8592693673006286,1.0838705053880133,0,1,5
48,5.566048737771371e-14,0.003585999998904299,,0.8592683255124872,1.0839503171168956,0,1,6
64,9.85663270470254e-14,0.005986300002405187,,0.859274477538832,1.0840795658416043,0,1,7
8,1.3432092807533615e-15,0.0004530000005615875,,0.66004594107176,0.9731273538303062,0,2,0
12,3.2031746098297834e-15,0.0005056999980297405,,0.6590256767790187,0.9914287660261639,0,2,1
16,5.531895810510764e-15,0.0006281000023591332,,0.6588593402972427,1.0006529858430044,0,2,2
24,1.2058967144905875e-14,0.001148700001067482,,0.6580820875581916,1.0103475724704396,0,2,3
32,2.1909448445857232e-14,0.0017846999980974942,,0.6581811014469119,1.0153747911487634,0,2,4
40,3.5531067887593144e-14,0.0029220999967947137,,0.658077224831229,1.0183324319036935,0,2,5
48,5.386802482145571e-14,0.003621500000008382,,0.6580847193587737,1.0202821917676306,0,2,6
64,9.551104884603314e-14,0.006017499999870779,,0.6580015139796372,1.0226973907945682,0,2,7
8,1.629857408576994e-15,0.0004563999973470345,,0.9531912300952827,1.3064916156647481,0,3,0
12,4.272876488414488e-15,0.0005043999990448356,,0.9393459642725062,1.309586384226499,0,3,1
16,6.894499089757313e-15,0.0006208000013430137,,0.933112192456772,1.3108148995363529,0,3,2
24,1.8114179786082095e-14,0.0011231999997107778,,0.9278823297341952,1.3130319533567116,0,3,3
32,2.945645153909898e-14,0.00181959999827086,,0.9255286330628879,1.313375967328187,0,3,4
40,4.3433368971910446e-14,0.003218199999537319,,0.9241976347654633,1.3132012089745417,0,3,5
48,6.658316489675206e-14,0.0036817999971390236,,0.9231430045457593,1.3135247756221002,0,3,6
64,1.2061399214588271e-13,0.0059706999963964336,,0.9218426016497131,1.3134712931473282,0,3,7
8,2.2183634043813167e-15,0.0004447999999683816,,0.8606543278530953,1.4382683163337608,0,4,0
12,4.971270767759187e-15,0.0005068000027677044,,0.842129635184648,1.4574275682985844,0,4,1
16,7.441112071686111e-15,0.0006114999996498227,,0.8344821478049064,1.4642579387837455,0,4,2
24,1.7055961811453225e-14,0.001125400001910748,,0.8274861869558363,1.4691767952222128,0,4,3
32,3.183612238993643e-14,0.001932300001499243,,0.8244210062438226,1.4709063125881265,0,4,4
40,5.1134731445526695e-14,0.0027196000010007992,,0.8225436425710432,1.471708225666341,0,4,5
48,7.243569441594361e-14,0.003451399999903515,,0.8213354393561167,1.4721442028040768,0,4,6
64,1.345314817945791e-13,0.005883700003323611,,0.8199576251414017,1.472577961240973,0,4,7
8,1.2836015999613276e-15,0.0004302000015741214,,0.4348130057790618,1.080812504676506,0,5,0
12,2.7248726059190525e-15,0.0004867999996349681,,0.42635583729100063,1.1274229861926963,0,5,1
16,4.603097160517585e-15,0.000623800002358621,,0.4234201305524651,1.15388282149108,0,5,2
24,9.773129288033698e-15,0.0011354000016581267,,0.42133104353614964,1.1820520890256554,0,5,3
32,1.8654682963482743e-14,0.0018043999989458825,,0.4206014187238563,1.1960456033597817,0,5,4
40,2.9252222534091245e-14,0.0026289999987056945,,0.4202639807916512,1.2044756481522658,0,5,5
48,4.2817104535870346e-14,0.0034648000000743195,,0.4200807539916252,1.2101792429603229,0,5,6
64,7.861157872801596e-14,0.005911800002650125,,0.41989861912312754,1.2171748656782981,0,5,7
8,1.459280898082671e-15,0.00048349999997299165,,0.8269479262763085,1.0181303535004647,0,6,0
12,2.87662882511759e-15,0.0005082999996375293,,0.8262251274821538,1.028389963697564,0,6,1
16,6.48691951833864e-15,0.0006423999984690454,,0.8248451838608123,1.0332310811729366,0,6,2
24,1.4016227515696627e-14,0.001184199998533586,,0.8243495279192727,1.037814672735913,0,6,3
32,2.5508048334364644e-14,0.0018228000008093659,,0.8241563298268677,1.0399937074080452,0,6,4
40,4.0022903309758526e-14,0.0029924000009486917,,0.8244051821464341,1.041261201615454,0,6,5
48,5.691022086034336e-14,0.003612799999245908,,0.824235189563712,1.0420886559921365,0,6,6
64,1.0037929623901376e-13,0.006398400000762194,,0.8241360580074645,1.043102467967816,0,6,7
8,1.6092250940198133e-15,0.0004490999999688938,,1.0402262811959784,1.3086341815955005,0,7,0
12,3.800295917932895e-15,0.0004945999971823767,,1.0213163181550704,1.3088071616500099,0,7,1
16,7.0436574963141005e-15,0.0007001999983913265,,1.0127470270317889,1.3086352792712972,0,7,2
24,1.6359319425579975e-14,0.001182100000733044,,1.0048655146159786,1.3090932232344659,0,7,3
32,2.7783944229865443e-14,0.0018987000003107823,,1.0012049244917103,1.309169396868625,0,7,4
40,4.1440593300862075e-14,0.0025858000008156523,,0.999103259018069,1.3094245747770723,0,7,5
48,6.626736393960967e-14,0.0034691000000748318,,0.9977427520548126,1.3093712451886936,0,7,6
64,1.235843361501417e-13,0.006098000001657056,,0.996088758607028,1.3094214302870038,0,7,7
8,1.916341101672033e-15,0.0004631000010704156,,0.9366438736113405,1.934719776757641,0,8,0
12,4.56199190845636e-15,0.00048600000081933104,,0.9027013723348513,1.9559678285476838,0,8,1
16,8.22050148729811e-15,0.0006103000014263671,,0.8845916887203773,1.963385424500727,0,8,2
24,1.9593511003617032e-14,0.0011230999989493284,,0.8668099679220467,1.9686761472703516,0,8,3
32,3.551245399532202e-14,0.0018006999998760875,,0.8582138338229119,1.9705262854410766,0,8,4
40,5.6663972632277916e-14,0.00256930000250577,,0.8532027499175533,1.9713823393115972,0,8,5
48,7.800626302829856e-14,0.003456399997958215,,0.8499226012887453,1.9718472764665613,0,8,6
64,1.4195222255538181e-13,0.005935600001976127,,0.8457658797584876,1.9723095157443093,0,8,7
8,1.2946570320359796e-15,0.00043989999903715216,,0.6379772930169104,1.0909712736988,0,9,0
12,2.9865022291425353e-15,0.00048410000090370886,,0.6284745188514587,1.120824437358743,0,9,1
16,5.2750245482609264e-15,0.000608899998042034,,0.6251366393817551,1.1349937004640098,0,9,2
24,1.092319925094101e-14,0.0011330999986967072,,0.622748834862456,1.1485195036584306,0,9,3
32,2.18887430195563e-14,0.001889299997856142,,0.6219124085263125,1.1553421498779861,0,9,4
40,3.4258686181985743e-14,0.00257910000073025,,0.6215251421112059,1.159305327514927,0,9,5
48,4.659316110480656e-14,0.0035095999992336147,,0.6213147433581182,1.1618512252062858,0,9,6
64,9.161285069797953e-14,0.00619139999980689,,0.6211055179076574,1.1650404685201743,0,9,7
8,1.1396697567693685e-15,0.0004664999978558626,,0.6282754127129906,0.978813439486713,0,10,0
12,3.738804130604037e-15,0.0004946000008203555,,0.625501321271893,1.0017243726043175,0,10,1
16,4.7679492474025625e-15,0.00061450000066543,,0.6245528529128347,1.0115176016742229,0,10,2
24,1.250277349595053e-14,0.0011431999992055353,,0.6238826199366455,1.0200263259495583,0,10,3
32,2.370081805928217e-14,0.0018677000007301103,,0.6236494742999416,1.0237604785193062,0,10,4
40,3.603398205853693e-14,0.0026384999982838053,,0.6235418141756816,1.02582615541545,0,10,5
48,5.2718659999102096e-14,0.003702099998918129,,0.6234833993368902,1.0271286014212422,0,10,6
64,9.540036720650626e-14,0.005967199998849537,,0.6234253633485742,1.0286711643426498,0,10,7
8,1.9162908508269673e-15,0.00045680000039283186,,0.9700202639779844,1.1532507107287866,0,11,0
12,3.782222686292211e-15,0.0004926999972667545,,0.970313713861964,1.1539905476770758,0,11,1
16,5.251367559307396e-15,0.0006087999972805846,,0.9714071264636343,1.153229188811325,0,11,2
24,1.5354714285102916e-14,0.0011459000015747733,,0.9700202639779844,1.1532507107287866,0,11,3
32,2.4152309192937723e-14,0.0019581000015023164,,0.9699864779347939,1.1540833066846363,0,11,4
40,4.0345152613166784e-14,0.0025814000000536907,,0.9700202639779844,1.1537788595224858,0,11,5
48,6.371468262350587e-14,0.0035773999989032745,,0.9698313255641882,1.1539881646363461,0,11,6
64,1.0718237707327191e-13,0.005983700000797398,,0.969817031418819,1.1539492456381497,0,11,7
8,1.5401843761387005e-15,0.0005547000000660773,,0.9347754950221574,1.2862874895963243,0,12,0
12,4.283770359689425e-15,0.0005560999998124316,,0.9279873308331587,1.292480119057636,0,12,1
16,7.230846847377192e-15,0.0006465000005846377,,0.9237725232169703,1.2946599589485464,0,12,2
24,1.8331542132694488e-14,0.0012251000007381663,,0.9204807724057875,1.2962208216805169,0,12,3
32,2.877965805914209e-14,0.002063699997961521,,0.9186545460070824,1.2967678690740299,0,12,4
40,4.445825721806026e-14,0.003240399997594068,,0.9176229553222658,1.297021203803207,0,12,5
48,6.932757763679528e-14,0.0035783999992418103,,0.9169805760202646,1.2971588520966724,0,12,6
64,1.2605089199490075e-13,0.006079300001147203,,0.9160951950789574,1.2972957422473819,0,12,7
8,1.1292290361918564e-15,0.0004470999992918223,,0.674183954721216,1.0389179786369107,0,13,0
12,3.152929684886038e-15,0.0004980999983672518,,0.668004101471126,1.0568834200448722,0,13,1
16,4.918897659825224e-15,0.0006210000028659124,,0.6658242318029158,1.0657578256384637,0,13,2
24,1.2135801653831044e-14,0.0014375000027939677,,0.6642618394669333,1.0749128510833554,0,13,3
32,2.3054052079583197e-14,0.001949500001501292,,0.6637139528818418,1.079155337983828,0,13,4
40,3.649301234807598e-14,0.0026633999987097923,,0.6634601757207853,1.0818409474479096,0,13,5
48,5.130507257928455e-14,0.003440600001340499,,0.6633222726984049,1.0835110328881385,0,13,6
64,9.337467332719149e-14,0.0059089999995194376,,0.6631851191898913,1.0856687977396784,0,13,7
8,1.7694587620485337e-15,0.00044800000250688754,,0.7802146275742534,1.1778434313375812,0,14,0
12,4.176514803235446e-15,0.0004946000008203555,,0.7789761108997436,1.176536655188973,0,14,1
16,6.774681311615883e-15,0.0006275999985518865,,0.7796486818888482,1.1791379264806605,0,14,2
24,1.606665417767044e-14,0.0017857999991974793,,0.778758657667953,1.1785121620091066,0,14,3
32,2.790717886851377e-14,0.0019073999974352773,,0.7782150317183034,1.1798388120653502,0,14,4
40,4.4194452723748546e-14,0.002731700002186699,,0.7786803382231842,1.179724842282228,0,14,5
48,6.171285455718469e-14,0.0034707000013440847,,0.7782463699685108,1.1797454984788263,0,14,6
64,1.1743534960331494e-13,0.006101500002841931,,0.7782371103975882,1.1798089202780626,0,14,7
8,1.3800551155676855e-15,0.000597800000832649,,0.944312649583177,1.5530059719005782,0,15,0
12,4.359981895882197e-15,0.0006606000024476089,,0.917934467476879,1.5593927020753022,0,15,1
16,6.3472562448794845e-15,0.0007717000007687602,,0.9100242372271286,1.5609169696218332,0,15,2
24,1.4634961268699047e-14,0.0011782000001403503,,0.9004895139157957,1.5651982588577484,0,15,3
32,3.249292071249962e-14,0.0018385000003036112,,0.8960593438876439,1.5660131642319082,0,15,4
40,4.703891250771575e-14,0.002620899998873938,,0.8935060715702751,1.5663096333836495,0,15,5
48,7.147241043909933e-14,0.003510800001095049,,0.8918467942695733,1.566800402031081,0,15,6
64,1.280361215388274e-13,0.0062890000008337665,,0.8898202796722721,1.5670187292379758,0,15,7
8,2.211102250875567e-15,0.0006834999985585455,,0.8988615952072764,2.0630813831873427,0,16,0
12,4.411497262360816e-15,0.0005101999995531514,,0.8620779690081722,2.089113783237394,0,16,1
16,8.859916023010849e-15,0.0006156999988888856,,0.8435450568089474,2.098248915635539,0,16,2
24,1.9361596377097167e-14,0.0012362999987090006,,0.826709821187116,2.104780302680675,0,16,3
32,3.6582336795903284e-14,0.001842899997427594,,0.8181748323956863,2.107067417068635,0,16,4
40,5.4336576653321636e-14,0.002571400000306312,,0.8133993724262699,2.1081262117282735,0,16,5
48,7.908760385865468e-14,0.0034549999982118607,,0.8101500470034815,2.108701408019036,0,16,6
64,1.435733018123196e-13,0.006246699998882832,,0.8062225397373889,2.109273369605985,0,16,7
8,1.177651116822486e-15,0.0004847999989578966,,0.7592309463231892,1.2310604657114936,0,17,0
12,3.2067801203685345e-15,0.0004912000003969297,,0.7505237702765456,1.2514962835688959,0,17,1
16,5.418707492971689e-15,0.0006281999994826037,,0.7474530151585309,1.2593843321247484,0,17,2
24,1.1836161204601771e-14,0.0011369999992894009,,0.7452523749216364,1.2656071950776833,0,17,3
32,2.122503978910608e-14,0.0018202999999630265,,0.7444807363362237,1.2680755606378225,0,17,4
40,3.6378341326816964e-14,0.0025683999992907047,,0.744123330726676,1.2693476672972062,0,17,5
48,5.0511206583766613e-14,0.003476300000329502,,0.7439291190272411,1.2701081628805477,0,17,6
64,9.300939053947642e-14,0.006329499999992549,,0.7437359651706476,1.2709599187217056,0,17,7
8,1.1506016877146434e-15,0.0004822000009880867,,0.6552888246962536,1.0410056194774167,0,18,0
12,3.5224682067398656e-15,0.0004844999966735486,,0.6503558484919957,1.0722104114583464,0,18,1
16,5.4578227178154725e-15,0.0006245000004128087,,0.6486411577008782,1.0882113802123219,0,18,2
24,1.2996444344323708e-14,0.0011406000012357254,,0.6474202383897306,1.1028668907253805,0,18,3
32,2.39515797580861e-14,0.0017996999995375518,,0.6469936848033422,1.1099265284408824,0,18,4
40,3.5886087384453347e-14,0.002556499999627704,,0.6467963870748114,1.1140691200769646,0,18,5
48,4.997886780097677e-14,0.003478200000245124,,0.6466892490626948,1.1169292645761966,0,18,6
64,9.111193525480527e-14,0.006202200002007885,,0.6465827449944304,1.120747485796472,0,18,7
8,2.2154531056357004e-15,0.0004999000011594035,,0.9087823256968844,1.3144711010673495,0,19,0
12,4.46748864711799e-15,0.0005238999983703252,,0.8936442564971163,1.3156702972111227,0,19,1
16,6.800516062537491e-15,0.0006637999977101572,,0.884398595089119,1.315577629927759,0,19,2
24,1.5573934087079413e-14,0.0011928999992960598,,0.8768854724707723,1.315053630990638,0,19,3
32,2.895135551067264e-14,0.0017814999991969671,,0.8732629040286016,1.3158347859881003,0,19,4
40,4.3778952035855113e-14,0.002605100002256222,,0.8711346459229184,1.3160939465467332,0,19,5
48,7.153185379615291e-14,0.003438899999309797,,0.8696754567638799,1.3159148431855738,0,19,6
64,1.2164048553483127e-13,0.0062506000031135045,,0.8678147992709985,1.3161494935237816,0,19,7
8,1.6607021648575405e-15,0.00048750000132713467,,0.965011159691104,1.2505055428856606,0,20,0
12,4.38301854960257e-15,0.00048550000065006316,,0.9616035509519427,1.2536858332605634,0,20,1
16,6.944903852791734e-15,0.0006255000007513445,,0.9547785137318784,1.2547733008612063,0,20,2
24,1.6551604015256924e-14,0.0011235000019951258,,0.9472726280745615,1.255541588058195,0,20,3
32,3.0751760067031165e-14,0.0018531999994593207,,0.9434851319475872,1.2558087910451514,0,20,4
40,4.467453136872199e-14,0.0025554000021656975,,0.9412400982055779,1.2559321670571924,0,20,5
48,6.756148967368048e-14,0.0035265000005892944,,0.9397639834745191,1.2559991060451285,0,20,6
64,1.2109354021911288e-13,0.006066300000384217,,0.9379497256225238,1.256065608684301,0,20,7
8,1.2671415842894742e-15,0.00046099999963189475,,0.5164111429683189,1.0176612894864745,0,21,0
12,2.7772223967990034e-15,0.000491300001158379,,0.5086963665629645,1.0322930196894486,0,21,1
16,4.833122661875868e-15,0.0006743000012647826,,0.5060011002969154,1.0371945648346947,0,21,2
24,1.152876984386067e-14,0.001152200002252357,,0.50407756483491,1.0404263690499862,0,21,3
32,2.083780022042368e-14,0.0018584999997983687,,0.5034046614052914,1.0414078574339272,0,21,4
40,3.2620458153792817e-14,0.0027315999977872707,,0.5030932626652719,1.0417927016284672,0,21,5
48,4.943410032127766e-14,0.0036104999999224674,,0.5029241236374861,1.0420847957686166,0,21,6
64,8.617733550104079e-14,0.006215700002940139,,0.5027559567183577,1.0428717032301436,0,21,7
8,1.4038533086086518e-15,0.0005232000003161374,,0.8128580337542873,0.9598548831663635,0,22,0
12,2.91774048407265e-15,0.0004898000006505754,,0.8139372797700632,0.983760774971279,0,22,1
16,5.8242745885191695e-15,0.0006179999982123263,,0.8122059524154794,0.9950153994749427,0,22,2
24,1.461896484564753e-14,0.0011377000009815674,,0.8120891162152022,1.0055873149712888,0,22,3
32,2.5318798490064175e-14,0.0017942999984370545,,0.8116955124035704,1.0105668509440366,0,22,4
40,4.2780411335701365e-14,0.002637599998706719,,0.811787261659433,1.0134451143181127,0,22,5
48,5.838444139606832e-14,0.0034662999969441444,,0.8118015968783325,1.0153157591837565,0,22,6
64,1.0673501262681746e-13,0.006403499999578344,,0.811701735124019,1.0175976904057233,0,22,7
8,1.734501417159208e-15,0.0004932000010740012,,1.0319632917111878,1.4154689455785323,0,23,0
12,3.4103610569593493e-15,0.0004907000002276618,,0.9942715601107922,1.424262063893843,0,23,1
16,7.294371745844916e-15,0.0006162999998196028,,0.9781047491713919,1.425352573073755,0,23,2
24,1.5863603137397513e-14,0.0011223000001336914,,0.9638821720943211,1.424017476095813,0,23,3
32,3.0389483760445027e-14,0.0018043999989458825,,0.9575308810583308,1.4248027690684923,0,23,4
40,4.1376909188274924e-14,0.002824800001690164,,0.953969645832686,1.4249802977585566,0,23,5
48,6.180048820055136e-14,0.003477900001598755,,0.9517008130985356,1.425352573073755,0,23,6
64,1.1825340602660449e-13,0.006420900001103291,,0.9489843421802928,1.4254122475471611,0,23,7
8,1.6693196328246702e-15,0.0004851000012422446,,0.964292310622226,1.752683334146243,0,24,0
12,4.325172127163835e-15,0.0005036000002291985,,0.9459300114768681,1.7806476071092052,0,24,1
16,8.256175780692744e-15,0.0006367999994836282,,0.9327090010059249,1.790654464422153,0,24,2
24,2.0314897293280747e-14,0.0011647999999695458,,0.9187035569720575,1.7978731832601487,0,24,3
32,3.4467143520133987e-14,0.0018727999995462596,,0.9115672111820063,1.8004138198334556,0,24,4
40,5.564285043362271e-14,0.0025711999987834133,,0.9072820176904806,1.801592255222875,0,24,5
48,7.682961898137709e-14,0.0035095999992336147,,0.9044332070878147,1.8022330528860693,0,24,6
64,1.3884403012935745e-13,0.006314599999313941,,0.9008892075413011,1.802870670746493,0,24,7
8,1.1351826838837436e-15,0.0004797999972652178,,0.6792306193740164,1.0869551998603424,0,25,0
12,2.9860579467241417e-15,0.0005046999976912048,,0.6701363931556379,1.1034562943249453,0,25,1
16,4.61459399778084e-15,0.0006170000015117694,,0.6669322320305774,1.1153999243307073,0,25,2
24,1.23268247494494e-14,0.001177300000563264,,0.6646369810562017,1.129112167820848,0,25,3
32,2.171983913589547e-14,0.0018022000003838912,,0.6638323645586233,1.135908440614779,0,25,4
40,3.639380050229261e-14,0.002564499998698011,,0.6634597189384867,1.1398977389876346,0,25,5
48,4.844820198190961e-14,0.0035165000008419156,,0.6632572351158094,1.1425089052325421,0,25,6
64,8.860369995316454e-14,0.006447499999922002,,0.6630558606131504,1.1457162684591888,0,25,7
8,1.4473541379047481e-15,0.0005344000019249506,,0.6950653840252199,0.9457536692537004,0,26,0
12,3.491433714870468e-15,0.0006709000008413568,,0.6937345130614235,0.9752727216290393,0,26,1
16,5.496869823795273e-15,0.0006852999977127183,,0.6925727822655166,0.988684359015104,0,26,2
24,1.4624847400939104e-14,0.0013566000015998725,,0.692814819272699,1.0009225084823494,0,26,3
32,2.4803490706703802e-14,0.0018177000019932166,,0.6931364517833496,1.0065390632710387,0,26,4
40,3.947220911439731e-14,0.0026242999992973637,,0.692684692694667,1.0097342966999532,0,26,5
48,5.61733524494913e-14,0.003509199999825796,,0.6925727822655166,1.0117885500499209,0,26,6
64,1.030960953081585e-13,0.006585600000107661,,0.6925969530845543,1.0142684163590472,0,26,7
8,1.7079266652198235e-15,0.0004727000014099758,,0.8308264801037539,1.1984153168125085,0,27,0
12,3.2109681036606137e-15,0.0005206999994697981,,0.8268473655803008,1.2118578406594314,0,27,1
16,5.54065355630962e-15,0.000686799998220522,,0.8254735744368972,1.2160265387645015,0,27,2
24,1.2485389096559053e-14,0.001171699997939868,,0.8244985229179009,1.22010507088655,0,27,3
32,2.3396213398237862e-14,0.001845299997512484,,0.8241585004756333,1.2213964580466157,0,27,4
40,3.821215746985317e-14,0.0025483999997959472,,0.8240013392010433,1.2224205947520335,0,27,5
48,5.367355115148365e-14,0.003587100000004284,,0.8239160263398017,1.2228898538632575,0,27,6
64,9.28177257865278e-14,0.006199899999046465,,0.8238312392589612,1.2234730759014432,0,27,7
8,1.6310386360175803e-15,0.0004899000014120247,,0.9040588319730327,1.374648269929371,0,28,0
12,4.779155865215402e-15,0.0004824999996344559,,0.8873999337803444,1.3832744442962417,0,28,1
16,6.6374428417770965e-15,0.0006202000004122965,,0.8803435781413451,1.3864807303203441,0,28,2
24,1.806331555549893e-14,0.0011517000020830892,,0.8728392941174529,1.3884318009119803,0,28,3
32,3.1671363531129565e-14,0.0018248000014864374,,0.8696834448567746,1.3890453725776928,0,28,4
40,4.653902664958322e-14,0.002551300000050105,,0.8677887145043772,1.389316956738604,0,28,5
48,7.21389060781247e-14,0.0035731999996642116,,0.8665634511094182,1.3894611658352398,0,28,6
64,1.3092706047032067e-13,0.006431600002542837,,0.8650831925711875,1.3896022292740102,0,28,7
8,1.2877211196984423e-15,0.000465299999632407,,0.610342101591812,1.0601254826971436,0,29,0
12,3.158788288690429e-15,0.000497900000482332,,0.6079196268989602,1.0860148577579192,0,29,1
16,4.981971193443577e-15,0.0006219000024429988,,0.6071109834339478,1.0991572974267976,0,29,2
24,1.2761569780400123e-14,0.0011387999984435737,,0.6065460827408939,1.1126533056859838,0,29,3
32,2.190798396985312e-14,0.0018058000023302156,,0.6063297217099993,1.119491263171971,0,29,4
40,3.5530889772438265e-14,0.0025597999992896803,,0.6062400541832719,1.123622128500755,0,29,5
48,4.923168213148514e-14,0.0035798000026261434,,0.6061949383945897,1.1263875212501622,0,29,6
64,9.407548767727197e-14,0.0062422000009974,,0.6061525967757294,1.129856958846466,0,29,7
8,1.5425584093610296e-15,0.00046920000022510067,,0.8666053418647418,1.0528781566317027,0,30,0
12,3.274452196382262e-15,0.0004917999976896681,,0.8632505272352978,1.0741222773813548,0,30,1
16,5.930063334490093e-15,0.0006163999969430733,,0.8644780508456271,1.0808653471363268,0,30,2
24,1.462047760332522e-14,0.0011354000016581267,,0.8632892180199148,1.0893393866612504,0,30,3
32,2.3824207946646465e-14,0.001799199999368284,,0.8630931931647112,1.0931194274307392,0,30,4
40,4.1306465049176246e-14,0.0025510999985272065,,0.8632284126010701,1.0952329206700306,0,30,5
48,5.5611163451804124e-14,0.0034331999995629303,,0.8630794772817011,1.0966170421872492,0,30,6
64,9.857494954289457e-14,0.006358600003295578,,0.8631557111489601,1.0987479802392068,0,30,7
8,2.1702659449923236e-15,0.0005123000009916723,,1.0114832632995494,1.7771110989931964,0,31,0
12,4.319498456265249e-15,0.0005220999992161524,,0.995839768241782,1.7971598988215522,0,31,1
16,7.19174762088521e-15,0.0006673999996564817,,0.9901209687244827,1.80427233401565,0,31,2
24,1.7814765331919558e-14,0.0011888000008184463,,0.9858205001476555,1.8093831801260767,0,31,3
32,3.460746065830607e-14,0.0019162999997206498,,0.9842053717190276,1.81117801025766,0,31,4
40,5.321916313391629e-14,0.0026232000018353574,,0.9834081974113865,1.812009821589213,0,31,5
48,6.968379630233047e-14,0.003739200001291465,,0.9829485172251443,1.8124619514683469,0,31,6
64,1.363081461976624e-13,0.006091600000218023,,0.9824547725056516,1.8129117091806595,0,31,7
8,1.4253643388039758e-15,0.00044489999709185213,,1.0574771306965387,1.4880152235150652,1,0,0
12,3.940162240728458e-15,0.0006180999989737757,,1.037940334485634,1.4863538918132653,1,0,1
16,6.4619136380411884e-15,0.0006276999993133359,,1.0284360000515231,1.486023017343615,1,0,2
24,1.6564248067660678e-14,0.0012210999993840232,,1.01832154692047,1.4880152235150652,1,0,3
32,3.095739864886825e-14,0.0018903000018326566,,1.0125122510996727,1.4887255653838605,1,0,4
40,4.344472041499906e-14,0.0026013999995484482,,1.0092610430470765,1.488737088230362,1,0,5
48,6.888193405965472e-14,0.0036920999991707504,,1.0071925273953217,1.4888697235146389,1,0,6
64,1.2334159705306175e-13,0.006073100001231069,,1.0047192591864536,1.488944052971432,1,0,7
8,1.6734103319685346e-15,0.0004558000000542961,,0.8221876910378735,1.1143875786867896,1,1,0
12,4.123683190126207e-15,0.0004942999985360075,,0.819957315807733,1.124518037483672,1,1,1
16,7.080966989501842e-15,0.0006185999991430435,,0.8194470917964578,1.1281506066893476,1,1,2
24,1.692424467206384e-14,0.0011238999977649655,,0.8193392656506455,1.130773377564622,1,1,3
32,2.8404072331979427e-14,0.001866499998868676,,0.8197453872831504,1.1316969173858271,1,1,4
40,4.4290834794883474e-14,0.0025418000004719943,,0.8191245322185094,1.132125366253251,1,1,5
48,6.920897787419644e-14,0.003913599997758865,,0.8189763066062367,1.1323583647706272,1,1,6
64,1.172988784527774e-13,0.005801500003144611,,0.8191466033151084,1.1325902216866686,1,1,7
8,1.949866227005033e-15,0.000470900002255803,,0.9528499953644141,1.4178228210851624,1,2,0
12,3.6544724114923686e-15,0.0005224000015005004,,0.9315283974575603,1.4292801657258418,1,2,1
16,7.608920353618925e-15,0.0006572999991476536,,0.9196532726808389,1.433338226173987,1,2,2
24,1.772272411371068e-14,0.0011749000004783738,,0.9093742469148721,1.436252089572321,1,2,3
32,3.157972509868609e-14,0.0018600000003061723,,0.9044309134078227,1.437274944793526,1,2,4
40,4.6897156738172164e-14,0.002573800000391202,,0.9015319987817796,1.4377489078781323,1,2,5
48,6.882862588001281e-14,0.0038387000022339635,,0.8995251398162535,1.4380065091589946,1,2,6
64,1.358671119313552e-13,0.005820700000185752,,0.8970611268732644,1.4382627444175253,1,2,7
8,1.2138106967135508e-15,0.0005084000003989786,,0.5849520997368602,1.0449667334992683,1,3,0
12,3.0060995480585377e-15,0.0005220999992161524,,0.5791624033646962,1.0575842231846562,1,3,1
16,4.664139496421628e-15,0.0006657999983872287,,0.5771548437010344,1.0667069700506846,1,3,2
24,1.1866864716042766e-14,0.001146299997344613,,0.5757269767901027,1.078711451250316,1,3,3
32,2.0661551382772065e-14,0.0018024999990302604,,0.5752284357236876,1.0852953866639168,1,3,4
40,3.4979627714819295e-14,0.00279670000236365,,0.5749978962695841,1.089516767803447,1,3,5
48,4.8350358554935667e-14,0.0035600000010163058,,0.5748727217870806,1.0922758624989288,1,3,6
64,8.579095289705561e-14,0.005840199999511242,,0.574748298230466,1.0958440447002404,1,3,7
8,1.8238602468242006e-15,0.00046239999937824905,,0.8528976760918393,1.7754586581912588,1,4,0
12,4.83883699914934e-15,0.0005301000019244384,,0.8229639595244586,1.7982025030021416,1,4,1
16,8.755943841625077e-15,0.0006506999998237006,,0.8102497157973279,1.8062468799461862,1,4,2
24,1.7135604700755766e-14,0.001116100000217557,,0.7983151228323166,1.812019287485056,1,4,3
32,3.3289384544327006e-14,0.0019016000005649403,,0.7926412238856,1.8140448095822856,1,4,4
40,5.904684455953314e-14,0.002851699999155244,,0.7894184150475295,1.8149832439129074,1,4,5
48,7.501887552398013e-14,0.0036701999997603707,,0.7872693696571039,1.8154932510300639,1,4,6
64,1.386482823395501e-13,0.005854600000020582,,0.7846786763046932,1.8160005280305616,1,4,7
8,1.3187549961162891e-15,0.0004723999991256278,,0.7333543093566588,1.1080693107475408,1,5,0
12,3.214644755393197e-15,0.0005053000022599008,,0.7341448276648883,1.1206791328640482,1,5,1
16,5.455321141980642e-15,0.0006558000022778288,,0.7299518762412273,1.1287941671008035,1,5,2
24,1.250856748871538e-14,0.0011230999989493284,,0.7308835614307789,1.134126196056866,1,5,3
32,2.1484913509343028e-14,0.0019542000009096228,,0.7304557410472146,1.1365043889269464,1,5,4
40,4.0212702674356766e-14,0.002598899998702109,,0.7299058788178873,1.1378413355550028,1,5,5
48,5.4345315070654656e-14,0.0035224999992351513,,0.7299518762412273,1.1386957417913057,1,5,6
64,9.171160978976874e-14,0.006040100000973325,,0.729953147599889,1.1400501164339716,1,5,7
8,1.5599398977951914e-15,0.0005144999995536637,,0.878840670625613,1.2210231880072528,1,6,0
12,3.2625364396053812e-15,0.000522300000739051,,0.8727202591587195,1.2256569286194088,1,6,1
16,6.467391586969785e-15,0.0006468999999924563,,0.8726547231418169,1.2250872745770944,1,6,2
24,1.3234001040306706e-14,0.0011272000010649208,,0.8719822344545566,1.2249892368757542,1,6,3
32,2.3634625900106458e-14,0.001785200001904741,,0.8719078972312124,1.2259405816914029,1,6,4
40,4.0169873550271867e-14,0.0027657999999064486,,0.8719466756396722,1.2256585814412169,1,6,5
48,5.880731846863607e-14,0.0036013000026287045,,0.8720071096410258,1.225849186028065,1,6,6
64,1.0032494360425493e-13,0.006107899997005006,,0.8720546649899175,1.225734180322315,1,6,7
8,1.395390688579903e-15,0.00045989999853190966,,0.64882198285889,0.9400199128664255,1,7,0
12,3.378486881721192e-15,0.0005975999993097503,,0.6515814293055521,0.9741942128354563,1,7,1
16,5.427417227204826e-15,0.0006699000005028211,,0.6505115101444446,0.9894591484749936,1,7,2
24,1.2411013046799757e-14,0.0013331000009202398,,0.64882198285889,1.0031737217432426,1,7,3
32,2.525380407963598e-14,0.00199849999989965,,0.6488949929956237,1.0093745699436443,1,7,4
40,3.765355115615717e-14,0.0027555000015127007,,0.64882198285889,1.0128685442689298,1,7,5
48,5.437348846370863e-14,0.00349619999906281,,0.6486854271785345,1.0150998241644509,1,7,6
64,1.002913360458918e-13,0.00595459999749437,,0.6486482453093445,1.0177756561545483,1,7,7
8,1.7062908008103966e-15,0.0004981000020052306,,1.0243493320242267,1.8984275460143951,1,8,0
12,4.047685467223533e-15,0.0005033000015828293,,1.006041797442904,1.9184951620289017,1,8,1
16,7.83537859498337e-15,0.0006376999990607146,,0.9995178282343338,1.9255672990423494,1,8,2
24,1.6928065294511883e-14,0.0011224000008951407,,0.9947645000583407,1.9306338859213794,1,8,3
32,3.3087842738594106e-14,0.001850399999966612,,0.9930547868135051,1.932410127637352,1,8,4
40,5.632530098388387e-14,0.0026271999995515216,,0.9922429205386947,1.933232786435952,1,8,5
48,7.461991108737215e-14,0.003526700002112193,,0.9912771051585128,1.9336797984918992,1,8,6
64,1.4166612954519096e-13,0.006097500001487788,,0.9871523646869981,1.9341243652891278,1,8,7
8,1.4296815904173115e-15,0.0004836999978579115,,0.7965203722548462,1.1614941432492105,1,9,0
12,2.99407353242836e-15,0.0005677999979525339,,0.790769488331505,1.1730983221682636,1,9,1
16,5.408688647932132e-15,0.0006662999985564966,,0.7887536807579004,1.1782266150955085,1,9,2
24,1.3479167300288657e-14,0.001213100000313716,,0.7873129953430779,1.183121384059207,1,9,3
32,2.2668991506531852e-14,0.001965700001164805,,0.7868086044119393,1.1854845754560919,1,9,4
40,3.7417358503465036e-14,0.002544700000726152,,0.7865751180140222,1.1867234787597103,1,9,5
48,5.2943910894980275e-14,0.003485799999907613,,0.7864482792573646,1.187474001802414,1,9,6
64,9.037710891588155e-14,0.006816799999796785,,0.7863221565850809,1.1883694003037566,1,9,7
8,1.914631833054769e-15,0.0005224000015005004,,0.8974587138223664,1.4084329472734984,1,10,0
12,4.3618661986141464e-15,0.0004927000009047333,,0.879847316727061,1.412735005586182,1,10,1
16,8.191516343535354e-15,0.0006436000003304798,,0.8724854548416877,1.414874865987856,1,10,2
24,1.7018434164974286e-14,0.0011699999995471444,,0.8651734137309286,1.4149202195493662,1,10,3
32,3.12425703399706e-14,0.001851699998951517,,0.8619539803520975,1.414734484840203,1,10,4
40,4.7452098146253124e-14,0.002759999999398133,,0.8599703238036993,1.4145230003278968,1,10,5
48,7.093463595257018e-14,0.003835399998934008,,0.8587820908755883,1.4150929676954747,1,10,6
64,1.3046953821774989e-13,0.00605839999843738,,0.857259608463159,1.4152959087464645,1,10,7
8,1.4474206691575311e-15,0.0004504999997152481,,0.7036921535394446,0.9826487500099412,1,11,0
12,3.1097944987254153e-15,0.0004918999984511174,,0.699972558468659,0.993459652790726,1,11,1
16,5.421812106682202e-15,0.0006341000007523689,,0.6986784527850992,0.9975436564022959,1,11,2
24,1.2625032227435237e-14,0.001094100000045728,,0.6977566303960553,1.0006867227772105,1,11,3
32,2.2417282383609222e-14,0.001788700003089616,,0.6974344989880293,1.0018942246888245,1,11,4
40,3.8291973666051896e-14,0.002605499998026062,,0.6972854877028618,1.0025001069317339,1,11,5
48,5.3104172068200795e-14,0.003530599999066908,,0.6972045671172586,1.002854187934853,1,11,6
64,9.216506253244589e-14,0.0059995999981765635,,0.6971241229581102,1.003240409197164,1,11,7
8,1.975380130588282e-15,0.0004685000021709129,,0.9823442200889014,1.568915852097747,1,12,0
12,4.158368214016841e-15,0.00048439999955007806,,0.9553877695346835,1.5756035909177246,1,12,1
16,7.505182834547784e-15,0.0006596999992325436,,0.9399425198597517,1.577904924163515,1,12,2
24,1.8883832003166228e-14,0.0011090999978478067,,0.9241848729605516,1.5795483969297035,1,12,3
32,3.073966357923495e-14,0.0017087000014726073,,0.9163070419167613,1.5801489478530422,1,12,4
40,4.944983585963666e-14,0.0025409999980183784,,0.9116016673316805,1.580406494998766,1,12,5
48,7.116035363182922e-14,0.0035712999997485895,,0.9085290418615302,1.5805409644093253,1,12,6
64,1.305355055778148e-13,0.005987799999275012,,0.9047611721903046,1.5806708715236917,1,12,7
8,1.4545219296763381e-15,0.000450699997600168,,0.7865357628647919,1.0401861353799746,1,13,0
12,3.6297011405612126e-15,0.0005119999987073243,,0.7831102232806133,1.045714781205948,1,13,1
16,7.020384542981475e-15,0.0007398999987344723,,0.7819892350182882,1.0456460787967843,1,13,2
24,1.5546137855228974e-14,0.001284099998883903,,0.7807783915524786,1.046399942019709,1,13,3
32,2.6543839169898692e-14,0.0018942999995488208,,0.7808804352809849,1.0465360394664756,1,13,4
40,4.1969249666590557e-14,0.0027871999991475604,,0.7808827278495778,1.0468184825656315,1,13,5
48,6.162478429142574e-14,0.003625999997893814,,0.780876449412726,1.0468898696968914,1,13,6
64,1.0522518125466068e-13,0.005904699999518925,,0.7808930488524938,1.0469110341150702,1,13,7
8,1.3076823764283997e-15,0.0004808000012417324,,0.9591625781566617,1.24764722670044,1,14,0
12,3.581939209262004e-15,0.0006166999992274214,,0.957228560488386,1.2465865764120905,1,14,1
16,6.457012693078818e-15,0.0006966000000829808,,0.9508854016165018,1.2514280662167294,1,14,2
24,1.6948690863871504e-14,0.0011360999997123145,,0.9437970017675714,1.251403126927103,1,14,3
32,2.8311681600232457e-14,0.0017092999987653457,,0.9393724458364193,1.2515812980330745,1,14,4
40,4.167320580669586e-14,0.0025944000008166768,,0.9367217521178752,1.2521207271189594,1,14,5
48,6.612148152772733e-14,0.0034113000001525506,,0.9349894053565797,1.2525890272447824,1,14,6
64,1.1250643248346325e-13,0.0059832000006281305,,0.9328460551748855,1.2523970138167269,1,14,7
8,1.1303370847258319e-15,0.0004547000025922898,,0.42506464911965525,1.1128565497694007,1,15,0
12,2.372231375859675e-15,0.0005309000007400755,,0.41321693792600833,1.1583655142985008,1,15,1
16,4.001636711941635e-15,0.0006366000015987083,,0.4090934668736922,1.1838581554832546,1,15,2
24,1.1077976413085222e-14,0.0011731999984476715,,0.40615582061927896,1.2110199579395042,1,15,3
32,1.7946048640182716e-14,0.001845599999796832,,0.4051291849503649,1.2241734284434906,1,15,4
40,2.897694749085015e-14,0.0025676000004750676,,0.4046542722732501,1.2323492086968042,1,15,5
48,4.2115715614551855e-14,0.003399000001081731,,0.40439636768788123,1.23758975418454,1,15,6
64,7.761411911287771e-14,0.0057586999973864295,,0.40413997929984397,1.2442792193911365,1,15,7
8,1.9411547944956957e-15,0.0004744000034406781,,0.9450918600396403,1.9108901368257865,1,16,0
12,4.4996478442726735e-15,0.0005591999979515094,,0.9314474856461987,1.9438316021389264,1,16,1
16,6.341985802636487e-15,0.0007072999978845473,,0.9229749610095108,1.955652848975393,1,16,2
24,1.8492473231022288e-14,0.0013491999998223037,,0.9139527521542349,1.9641913555099342,1,16,3
32,3.617266423030485e-14,0.0018763999978546053,,0.9090562308444796,1.967198673863411,1,16,4
40,5.857648631618105e-14,0.002557899999374058,,0.9058739053254682,1.96859395812518,1,16,5
48,7.832400475301162e-14,0.0035820999983116053,,0.9037175680767087,1.9693527742761134,1,16,6
64,1.450980323512815e-13,0.005832299997564405,,0.9010088580941047,1.9701078967374859,1,16,7
8,1.1026511569357111e-15,0.001129100000980543,,0.8409703793710992,1.0532717771217832,1,17,0
12,3.661983316106e-15,0.0007602000005135778,,0.8431960096900686,1.0644447865592088,1,17,1
16,5.347812329278044e-15,0.0007682000032218639,,0.840972520374306,1.0688394066402278,1,17,2
24,1.4772622471321793e-14,0.0012089000010746531,,0.8409703793710992,1.0726237258084688,1,17,3
32,2.3788655116137978e-14,0.0019068999972660094,,0.8404392602611693,1.0745686865477664,1,17,4
40,3.948387113084432e-14,0.0025544999989506323,,0.840626968564,1.075593404226668,1,17,5
48,5.703325929286388e-14,0.0034083999998983927,,0.8405016862279404,1.0762968514332478,1,17,6
64,1.0239328464680302e-13,0.006218900001840666,,0.8404591378217172,1.0771253104366694,1,17,7
8,1.806086251209687e-15,0.00048379999861936085,,0.9922335074899467,1.191347886682418,1,18,0
12,4.297485801416607e-15,0.0005122000002302229,,0.9901653465370239,1.1972193118652832,1,18,1
16,5.5825676281021426e-15,0.000651100002869498,,0.987980196210514,1.1985804220869942,1,18,2
24,1.5727732971849196e-14,0.0011799999992945231,,0.9862458497522294,1.198449417932788,1,18,3
32,2.5758712570858087e-14,0.0018396999985270668,,0.9827428062434374,1.1987195106716881,1,18,4
40,3.635441663912056e-14,0.002547199997934513,,0.9807449733808522,1.1985049965050474,1,18,5
48,6.239260275375894e-14,0.003585800001019379,,0.9794576258487875,1.1985804220869942,1,18,6
64,1.0423760454235901e-13,0.005981700000120327,,0.9778995304192543,1.1987903507248965,1,18,7
8,1.4749679539501263e-15,0.0004797000001417473,,0.6506988555393264,1.012974750242996,1,19,0
12,3.1866710242810105e-15,0.0005124999988765921,,0.6518664674960372,1.034408645521212,1,19,1
16,5.0968195001517334e-15,0.000647900000330992,,0.6513867781899044,1.0435997687429068,1,19,2
24,1.266562369572859e-14,0.0011503999994602054,,0.6506988555393264,1.0537475437393673,1,19,3
32,2.2541918525004025e-14,0.0019311000032757875,,0.6503637009318058,1.0585399018258255,1,19,4
40,3.636203841759593e-14,0.002531099999032449,,0.6503357912761968,1.061421088956599,1,19,5
48,5.2922239984316685e-14,0.0035763000014412683,,0.650322399716768,1.0634247549308953,1,19,6
64,9.444429719847874e-14,0.0063515000001643784,,0.6501826653008177,1.065836545196209,1,19,7
8,2.0535843784039483e-15,0.0006657000012637582,,1.0114687414521808,1.3172730211851054,1,20,0
12,4.1234237146295095e-15,0.0005176999984541908,,1.0006892681391089,1.3175812118207837,1,20,1
16,7.162770492118889e-15,0.0006705000014335383,,0.9959513599431522,1.3175025099069582,1,20,2
24,1.746957184579841e-14,0.0011515000005601905,,0.9916889030710928,1.3179062616630601,1,20,3
32,3.099764676271928e-14,0.0018563999983598478,,0.9897460860096842,1.3181233281538065,1,20,4
40,4.086879314343892e-14,0.0025309999982709996,,0.9883269460601075,1.3181109007036818,1,20,5
48,7.091825283246054e-14,0.003451099997619167,,0.9873357210624982,1.3183308159782778,1,20,6
64,1.2772888755702073e-13,0.005817699999170145,,0.9860788652057862,1.3182728801274783,1,20,7
8,1.0373124215631222e-15,0.00045139999929233454,,0.6919232564570253,1.0716412735685972,1,21,0
12,3.350986890682829e-15,0.0004970999980287161,,0.6887415272292403,1.0845130066067135,1,21,1
16,4.516916144767426e-15,0.0006404999985534232,,0.6876438459395594,1.09182513039743,1,21,2
24,1.281295063058683e-14,0.001098900000215508,,0.6868649776128344,1.098138141872991,1,21,3
32,2.1372045545959455e-14,0.0018213000003015622,,0.6865934069005388,1.1012421198398117,1,21,4
40,3.788286640172637e-14,0.002552900001319358,,0.686467890939037,1.103129903515415,1,21,5
48,5.197784891907791e-14,0.0034162999982072506,,0.6863997579477822,1.1044749359882484,1,21,6
64,9.193398354492962e-14,0.006127600001491373,,0.6863320459884493,1.1060831340449337,1,21,7
8,1.6035301895353884e-15,0.0005189999974390958,,0.8297985204913166,1.3884468747972514,1,22,0
12,4.347438384307725e-15,0.0005137999978614971,,0.8154913425806873,1.4108931279817454,1,22,1
16,6.8796779811673865e-15,0.0006572999991476536,,0.8093084230543561,1.418972269719376,1,22,2
24,1.8441815747305006e-14,0.001103899998270208,,0.8038431033892421,1.4248155686062491,1,22,3
32,3.2417304265118456e-14,0.0018702000015764497,,0.8013076899401944,1.4268751409176859,1,22,4
40,5.384241931899388e-14,0.0024831000009726267,,0.7998970079758791,1.4278309739797987,1,22,5
48,7.504008750993817e-14,0.0035968000011052936,,0.7990113347941569,1.4283508685765898,1,22,6
64,1.296273650409912e-13,0.006204100001923507,,0.7979663420007798,1.4288682821262264,1,22,7
8,1.2396368430417738e-15,0.0005042999982833862,,0.5449748308792404,0.9768059217082441,1,23,0
12,2.724527039136685e-15,0.0005301999990479089,,0.5423756585550008,1.0020525937815168,1,23,1
16,5.230821553725096e-15,0.0006794000000809319,,0.5415052261135892,1.0119860744647953,1,23,2
24,1.1968018394427406e-14,0.0012317000000621192,,0.5408961694858223,1.0199140099030735,1,23,3
32,2.1707445702549973e-14,0.0018176000012317672,,0.5406855144079722,1.023084710714327,1,23,4
40,3.412301215269249e-14,0.0025657000005594455,,0.5405884544152069,1.0247252179893007,1,23,5
48,4.866646910750966e-14,0.0037881000025663525,,0.5405358482134497,1.0257081436858162,1,23,6
64,8.913248515686631e-14,0.006216899997525616,,0.5404836231714235,1.0268109877750171,1,23,7
8,1.862366031919336e-15,0.0005132999976922292,,1.0477747725626618,1.4907626096106585,1,24,0
12,3.666410100819441e-15,0.0005385000004025642,,1.0172360280076873,1.498973843751154,1,24,1
16,7.240582014289777e-15,0.0006775999972887803,,1.0038456161352785,1.5030949756353493,1,24,2
24,1.625239521753513e-14,0.0011579000019992236,,0.9918383112920152,1.5055930050077702,1,24,3
32,3.052306091483378e-14,0.0018530999986978713,,0.986381322365537,1.5062559713763868,1,24,4
40,4.2679623446810336e-14,0.0026973999993060715,,0.9832881721277045,1.506472288594377,1,24,5
48,6.81485876119125e-14,0.003618599999754224,,0.9813028685017501,1.5065424274734207,1,24,6
64,1.2338876897974892e-13,0.006059799998183735,,0.9789087579281,1.506548130354509,1,24,7
8,1.6307434093719022e-15,0.0004893000004813075,,0.855910491193823,1.1541861446585542,1,25,0
12,3.270659580165999e-15,0.0004988000000594184,,0.8552823984096525,1.1680635590159536,1,25,1
16,6.011821798454347e-15,0.0006393000003299676,,0.8544154770876021,1.1659500753669785,1,25,2
24,1.3953968995038633e-14,0.0011582000006455928,,0.8545233267915805,1.166851966900011,1,25,3
32,2.5392140843036047e-14,0.001792600000044331,,0.85452163752721,1.1675347806051521,1,25,4
40,3.9458654307616776e-14,0.0025144999999611173,,0.854395479728194,1.1680336986712487,1,25,5
48,5.702191001099835e-14,0.0035261999983049463,,0.8543864472302891,1.1680428521442867,1,25,6
64,1.0067220706547878e-13,0.0061753000009048264,,0.8541938963299331,1.16817282803715,1,25,7
8,1.7660268831308004e-15,0.0005903000019316096,,0.9672880471874675,1.314377804905985,1,26,0
12,4.538137995793788e-15,0.0005295000009937212,,0.9623956890426192,1.3178376071239917,1,26,1
16,7.239182101107275e-15,0.0008818999995128252,,0.9520570112018518,1.3190287169326445,1,26,2
24,1.8118331171803925e-14,0.0012057999992975965,,0.9408345999302653,1.3198729577171782,1,26,3
32,3.233856819869939e-14,0.0018404000002192333,,0.9355548830322122,1.320167129833279,1,26,4
40,4.5326894620805454e-14,0.0025449999993725214,,0.9324975522676868,1.3203030569992529,1,26,5
48,7.053253628413633e-14,0.003624099997978192,,0.930506275826295,1.3203768320824474,1,26,6
64,1.1896365496272907e-13,0.006321700002445141,,0.9278329075376904,1.320450144695405,1,26,7
8,1.212461268062109e-15,0.000485699998534983,,0.6282238718021792,1.0792435574153485,1,27,0
12,3.0460681696004086e-15,0.0005141000001458451,,0.6256789356585636,1.111606740716792,1,27,1
16,5.474154046512335e-15,0.0007578000004286878,,0.6247234873381498,1.1290410901235906,1,27,2
24,1.0969338600533131e-14,0.0012399000006553251,,0.6240968159263646,1.1451940554122653,1,27,3
32,2.309438529779235e-14,0.0018571000000520144,,0.6239385290057949,1.153116938293676,1,27,4
40,3.469750040702744e-14,0.002492999999958556,,0.6238761677740291,1.1578120576213895,1,27,5
48,5.048093577134179e-14,0.0036755000000994187,,0.6238452045157605,1.1609154937201063,1,27,6
64,9.082330736953845e-14,0.006062499996914994,,0.6238164577400067,1.1647629266711843,1,27,7
8,2.115850693155859e-15,0.0005025999998906627,,0.8905745180355409,1.8170364041272056,1,28,0
12,4.466817998315907e-15,0.000519599998369813,,0.8701722534596081,1.8453714722566001,1,28,1
16,7.699058478565583e-15,0.0006768999992345925,,0.8586570437874651,1.8555131664779931,1,28,2
24,1.8926806867981838e-14,0.0011796999970101751,,0.848835979225023,1.8628298715604747,1,28,3
32,3.2899227152564176e-14,0.0017888000002130866,,0.8437668689267082,1.8654051388939588,1,28,4
40,5.722485486458e-14,0.002500599999621045,,0.8407734123726456,1.866599662870796,1,28,5
48,7.491665033727915e-14,0.003700500001286855,,0.8388625042754656,1.8672492158554421,1,28,6
64,1.4089359300466422e-13,0.006330700001853984,,0.8364196105214387,1.8678955503734305,1,28,7
8,1.1631705747361533e-15,0.0006236000008357223,,0.7544821152428668,1.016394936270421,1,29,0
12,3.4113146882386268e-15,0.0005487999987963121,,0.7495432205989266,1.03611950271358,1,29,1
16,4.992132714143826e-15,0.0006778999995731283,,0.7478039565127259,1.0450027681300487,1,29,2
24,1.3047109373284437e-14,0.0011766000025090761,,0.7465582755420812,1.0547603730955646,1,29,3
32,2.2937576755343104e-14,0.0017980000011448283,,0.7461216304973006,1.0595262902360614,1,29,4
40,3.824807154771705e-14,0.002578600000560982,,0.7459194112039375,1.0623451933929082,1,29,5
48,5.326470248091845e-14,0.004011000000900822,,0.7458095332078515,1.0642064837499083,1,29,6
64,9.54634302779147e-14,0.0060737999992852565,,0.7457002582550541,1.0665119959441745,1,29,7
8,1.3764918740363718e-15,0.0005004999984521419,,0.9251135476619763,1.1170996350783615,1,30,0
12,3.370636310441981e-15,0.0005306000020937063,,0.9209900648594882,1.1193811069773365,1,30,1
16,5.394234711247623e-15,0.0006651999974565115,,0.919531204020943,1.1208137861670742,1,30,2
24,1.5012739867430154e-14,0.0011778000007325318,,0.918484249344555,1.1213654885064654,1,30,3
32,2.5127072601897068e-14,0.001817500000470318,,0.9181168530100059,1.1215080705503875,1,30,4
40,3.8553631113168054e-14,0.0025084999979299027,,0.9179466325426968,1.1215508877464666,1,30,5
48,5.931588312845547e-14,0.0038139999996928964,,0.9178541224725872,1.1215616555816188,1,30,6
64,9.701387060425038e-14,0.0059261999995214865,,0.917762106893902,1.1215551649191136,1,30,7
8,1.5009839602554681e-15,0.00048439999955007806,,0.6842969478613062,0.9296342195085832,1,31,0
12,3.3976371921926383e-15,0.0005447000003186986,,0.6828965916679647,0.9577412399105618,1,31,1
16,6.321602736652017e-15,0.000687899999320507,,0.6832149484644268,0.9710809866206797,1,31,2
24,1.3264252650493962e-14,0.0011508000025060028,,0.681313550661654,0.9837093739298489,1,31,3
32,2.4750788473251552e-14,0.0018195000011473894,,0.6814550211396314,0.98969985052836,1,31,4
40,4.046181291334222e-14,0.0025373999997100327,,0.6810944242811431,0.9931773067920401,1,31,5
48,5.4577216475588843e-14,0.003698100001201965,,0.6811509687167627,0.9954438632362433,1,31,6
64,1.0782347097735502e-13,0.005896800001210067,,0.6810550406533714,0.9982162579098429,1,31,7
8,1.3396199170585762e-15,0.0004855999977735337,,0.5330545648851874,1.0715640263116375,2,0,0
12,2.5741623430186985e-15,0.0006142000020190608,,0.5250018515890286,1.0920330056980287,2,0,1
16,4.342600187065937e-15,0.0006882999987283256,,0.5221974480977588,1.1061104543413267,2,0,2
24,1.1542338728592248e-14,0.0011821999978565145,,0.5201989155256207,1.122531758895803,2,0,3
32,1.9735493305344542e-14,0.0018418000036035664,,0.5195003501440967,1.131533423859236,2,0,4
40,3.222147462942672e-14,0.0025420999991183635,,0.5191771770835257,1.137261296066452,2,0,5
48,4.557258631118899e-14,0.0036473000000114553,,0.5190016696268835,1.1410986529773164,2,0,6
64,8.33687189778351e-14,0.005839800000103423,,0.5188271896756765,1.1459148184698413,2,0,7
8,1.5245367351712178e-15,0.00044970000089961104,,0.7468727023003064,0.9868119714211242,2,1,0
12,3.3143096466565433e-15,0.0005004999984521419,,0.737984691077941,0.9960528124354437,2,1,1
16,5.578180218807737e-15,0.0006609000010939781,,0.7380743420509394,1.0035196479600919,2,1,2
24,1.495452681908466e-14,0.0011591000002226792,,0.737103902324029,1.0102567644667804,2,1,3
32,2.644062972692392e-14,0.0018829000000550877,,0.736286190300681,1.0143203394682387,2,1,4
40,4.1854485163710675e-14,0.00279930000033346,,0.7360240507644126,1.0167436666153944,2,1,5
48,5.801641979097265e-14,0.003671400001621805,,0.7360334868771504,1.0183116450923126,2,1,6
64,1.0473840225006911e-13,0.005866300001798663,,0.7358325711000628,1.02043415386576,2,1,7
8,1.2689641549319539e-15,0.0005216999998083338,,0.6951612820487189,0.9904561044596228,2,2,0
12,3.277940139030305e-15,0.0005120000023453031,,0.6912030981980359,1.0155401246323104,2,2,1
16,5.971626768082514e-15,0.0006848000011814293,,0.6904910775222419,1.025566971512522,2,2,2
24,1.3942391196018916e-14,0.001244099999894388,,0.6905832721597859,1.036298278860386,2,2,3
32,2.429112514458382e-14,0.0017829999997047707,,0.69082281492551,1.0414632600578901,2,2,4
40,3.9519323190930347e-14,0.0026536999976087827,,0.6905665334113607,1.0444966704922078,2,2,5
48,5.170939355973661e-14,0.0035835000016959384,,0.6904910775222419,1.0464914020086606,2,2,6
64,9.810378356265937e-14,0.005776800000603544,,0.6904867043093998,1.049198140680525,2,2,7
8,1.8549053468163266e-15,0.0004728999992948957,,0.9998154115274521,1.5605986622958825,2,3,0
12,4.024760511277482e-15,0.000528599997778656,,0.9926163012555704,1.5699847637950075,2,3,1
16,7.408386368850862e-15,0.0006638999984716065,,0.9900509711332662,1.5732614660743445,2,3,2
24,1.7077436641679705e-14,0.0013723999982175883,,0.9881652347410849,1.5755988946960875,2,3,3
32,3.2027465115602794e-14,0.0018266000006406102,,0.9874757548813843,1.576416355594961,2,3,4
40,4.875494197638786e-14,0.0026189999989583157,,0.9871429460602635,1.5767946076982642,2,3,5
48,6.990368876356441e-14,0.0035028999991482124,,0.9869547478868305,1.5770000469870942,2,3,6
64,1.306254514761148e-13,0.0058873000016319565,,0.9867573744317037,1.5772042972381328,2,3,7
8,1.4054986104432788e-15,0.00048239999887300655,,0.9586008476354512,1.721911120137402,2,4,0
12,4.099774018702631e-15,0.0006173000001581386,,0.9493005739085291,1.7440861171436928,2,4,1
16,6.8040976436573444e-15,0.000698800002282951,,0.9317883789585242,1.751967577540071,2,4,2
24,1.8291067647370022e-14,0.0011641999990388285,,0.9170317473754417,1.7576357247853287,2,4,3
32,3.218011603626737e-14,0.001839000000472879,,0.9098860902559001,1.7596271938141188,2,4,4
40,5.306407845922881e-14,0.0028609000000869855,,0.9056773418421692,1.7605502997049418,2,4,5
48,7.400972178310332e-14,0.003714300000865478,,0.9026287756885466,1.761052095741383,2,4,6
64,1.3720344149674606e-13,0.006035900001734262,,0.8989591147941867,1.7615512891412903,2,4,7
8,1.166312273673181e-15,0.0004912000003969297,,0.5025086305671338,1.0232712669971307,2,5,0
12,2.924289886557931e-15,0.000549600001249928,,0.4934956943039058,1.0413829004139716,2,5,1
16,4.93273371262306e-15,0.000674099999741884,,0.49034743848469187,1.0606317717892277,2,5,2
24,1.0600419623137179e-14,0.0011597000011533964,,0.4881008345150928,1.079577557291353,2,5,3
32,1.980412349039504e-14,0.00213649999932386,,0.487314959846729,1.0893480761924759,2,5,4
40,3.2195152049036704e-14,0.002674999999726424,,0.486951290097449,1.09551634846308,2,5,5
48,4.50763619951374e-14,0.0035325999997439794,,0.4867537619101401,1.099574236675367,2,5,6
64,8.238979013895273e-14,0.005922600001213141,,0.48655737062257265,1.10458312047234,2,5,7
8,1.253310999968575e-15,0.0004830999969271943,,0.5643479402968724,1.103756180959648,2,6,0
12,2.837426007095791e-15,0.0006255000007513445,,0.5576403407111512,1.131791527470897,2,6,1
16,4.84522148155859e-15,0.0006686000015179161,,0.5552994910916919,1.1456473037036878,2,6,2
24,1.1427142730070807e-14,0.001194799999211682,,0.5536297308656984,1.1597727567781655,2,6,3
32,2.084583269977769e-14,0.0018268999992869794,,0.5530457722581704,1.1672307340729298,2,6,4
40,3.2599029903584296e-14,0.002495900000212714,,0.5527755640702685,1.171505449531968,2,6,5
48,4.7757005444693955e-14,0.003521099999488797,,0.5526288059544692,1.1744010903024493,2,6,6
64,8.736623491946522e-14,0.0061027000010653865,,0.5524828968348948,1.1780460001699613,2,6,7
8,1.3699703393889085e-15,0.0005478999992192257,,1.0359504954764225,1.2304346569365072,2,7,0
12,3.657703288541868e-15,0.0005236999968474265,,1.0107997089703604,1.2280741598082354,2,7,1
16,5.629423315306303e-15,0.0006713000002491754,,0.9995169181763258,1.2290510814977946,2,7,2
24,1.6373886860582827e-14,0.0012962000000698026,,0.9892533895662527,1.2304346569365072,2,7,3
32,2.6611275332105525e-14,0.002117500000167638,,0.9845363952287829,1.2305105740512543,2,7,4
40,3.922413055579905e-14,0.002553599999373546,,0.9818458076019784,1.2309299041301593,2,7,5
48,6.319510744945824e-14,0.003756099999009166,,0.9801117462380727,1.2308948522489123,2,7,6
64,1.0645636421517429e-13,0.005993899998429697,,0.9780124995009407,1.230986702759234,2,7,7
8,1.2615054153855912e-15,0.0004867999996349681,,0.9399770651081766,1.121684809354097,2,8,0
12,3.5780897559203535e-15,0.0005275000003166497,,0.9360080517841035,1.1235705849081352,2,8,1
16,5.54500553436634e-15,0.0007031999994069338,,0.9362469716683691,1.1239498595310762,2,8,2
24,1.5534721810201893e-14,0.0011813999990408774,,0.9358368007590873,1.1253945859770276,2,8,3
32,2.451253449206395e-14,0.0017798999979277141,,0.9354459618966128,1.1252711285323675,2,8,4
40,3.812479982016295e-14,0.002530599998863181,,0.9352963946251802,1.1254578346455342,2,8,5
48,6.070724010752594e-14,0.003835100000287639,,0.9352706699928194,1.1253852794656096,2,8,6
64,9.899524590481376e-14,0.0061451000001397915,,0.9353208693069686,1.1255405343502403,2,8,7
8,1.4545219296763381e-15,0.0005196000020077918,,0.8387975845974773,1.010427356544732,2,9,0
12,3.8050454596398035e-15,0.0005175000005692709,,0.8346452667055416,1.0307212401720447,2,9,1
16,6.382122875176069e-15,0.0008909999996831175,,0.8340312583740457,1.0402036258669753,2,9,2
24,1.525063926661977e-14,0.0013120000003254972,,0.8327607658985643,1.0490595250788628,2,9,3
32,2.7170437256254595e-14,0.0019098999982816167,,0.8325872975678041,1.05321068676078,2,9,4
40,4.499064196367047e-14,0.0024937000016507227,,0.8326427643701277,1.0556034461325647,2,9,5
48,6.19292713203288e-14,0.003563499998563202,,0.8325400929100171,1.0571557017398658,2,9,6
64,1.1181594150399904e-13,0.005794400000013411,,0.8326005861562847,1.0590459943191024,2,9,7
8,1.7633530262579845e-15,0.000481999999465188,,0.9034949372050337,1.515326728961106,2,10,0
12,4.444668335208021e-15,0.0005551000031118747,,0.8926957172421686,1.5280686603569966,2,10,1
16,8.0651083536271e-15,0.0006768999992345925,,0.8816847448286917,1.5325184423158562,2,10,2
24,1.810917547864328e-14,0.001244600000063656,,0.8709847950115932,1.5356929179420125,2,10,3
32,3.138589426901346e-14,0.001813300001231255,,0.8658391593784116,1.5368031394827872,2,10,4
40,5.353208522140234e-14,0.0026626999970176257,,0.862866235013642,1.5373168583817098,2,10,5
48,7.537407045911466e-14,0.0034778000008373056,,0.8608282587161018,1.537595873715903,2,10,6
64,1.3638301289453286e-13,0.006055400001059752,,0.858376239566984,1.5378732742458938,2,10,7
8,1.904293436497308e-15,0.0005284999970172066,,0.895945846063103,1.191586717490048,2,11,0
12,3.967828641076211e-15,0.0005387999990489334,,0.8879350408291747,1.2034309379912567,2,11,1
16,6.126225997669583e-15,0.0006657000012637582,,0.8846659454853044,1.2076909980015293,2,11,2
24,1.625349460906909e-14,0.0011679999988700729,,0.8800025418690137,1.2107710392363706,2,11,3
32,3.003616466760881e-14,0.001875800000561867,,0.8779528191348691,1.2118564319654066,2,11,4
40,4.565727641837794e-14,0.0025320999993709847,,0.8768170218941419,1.2123601153885843,2,11,5
48,6.772790199310488e-14,0.0035587999991548713,,0.876099837702674,1.2126340671271685,2,11,6
64,1.216806012942519e-13,0.006110199999966426,,0.8752490494054687,1.2129067040517236,2,11,7
8,1.9188017809781915e-15,0.0004925999965053052,,1.0087040080483878,2.085644401909177,2,12,0
12,4.426721857228533e-15,0.0005104000010760501,,0.9973905906735174,2.121525794171734,2,12,1
16,7.204620493225633e-15,0.0006647999980486929,,0.9862589343838045,2.13434668189327,2,12,2
24,2.2127407232138174e-14,0.0013165999989723787,,0.9641071524190998,2.143589249194706,2,12,3
32,3.7709514841980177e-14,0.0018524000006436836,,0.9531151915294465,2.1468409687492396,2,12,4
40,5.798098856643344e-14,0.002525500000047032,,0.9465699407608478,2.148349015605043,2,12,5
48,8.230933354852922e-14,0.003552299996954389,,0.9422543110349587,2.1491689893603714,2,12,6
64,1.4353907991013393e-13,0.006121700000221608,,0.93691436594465,2.149984854589792,2,12,7
8,2.07007104377159e-15,0.0006266999989748001,,0.9169788675311106,2.2067686123080805,2,13,0
12,5.057712754992173e-15,0.0005898999988858122,,0.8727940304825123,2.252748209588174,2,13,1
16,9.077887342956076e-15,0.000669599998218473,,0.8528313107536879,2.2692053981472875,2,13,2
24,1.9972106623363174e-14,0.0012929000004078262,,0.8334425075898336,2.281078280837824,2,13,3
32,3.961440722185773e-14,0.0018746999994618818,,0.8244179446883911,2.2852571504371753,2,13,4
40,5.937005366967233e-14,0.0025074000004678965,,0.8190931011019984,2.2871954882557644,2,13,5
48,8.708579356702586e-14,0.0035543999983929098,,0.815597697372978,2.288249506639476,2,13,6
64,1.5526441756695816e-13,0.006175499998789746,,0.8113125583324376,2.289298300723606,2,13,7
8,1.540059325647191e-15,0.0004902000000583939,,0.8382739562946103,1.0933928014250398,2,14,0
12,3.035850449925669e-15,0.000531300000147894,,0.8324629089479707,1.0958694815948573,2,14,1
16,5.936486320089762e-15,0.0006673000025330111,,0.8337593190959335,1.097588262816842,2,14,2
24,1.5769309788290966e-14,0.0012056000014126766,,0.8332801533329677,1.0977299657609634,2,14,3
32,2.4556711458856417e-14,0.0019094999988737982,,0.8326239210845282,1.0975889096671316,2,14,4
40,3.9581104254885714e-14,0.002500899998267414,,0.8324474786233158,1.0974436443056441,2,14,5
48,5.735968764678035e-14,0.0035914000000047963,,0.8324482060862471,1.097588262816842,2,14,6
64,1.048016453818893e-13,0.0060211000018171035,,0.8323678156147147,1.0977486816229105,2,14,7
8,1.5275025785985227e-15,0.0005018999981984962,,0.8197777464701835,1.0743115928420317,2,15,0
12,3.598687555799294e-15,0.0005304999976942781,,0.8200800433233357,1.0731498633991903,2,15,1
16,5.556282194285898e-15,0.0006771000007574912,,0.8199880155316812,1.0756597728769748,2,15,2
24,1.2686531532335388e-14,0.0011802999979408924,,0.8197777464701835,1.078784858050114,2,15,3
32,2.4989242188698018e-14,0.0017883000000438187,,0.8196928960098746,1.0826669784318719,2,15,4
40,3.871498291964021e-14,0.002521100002923049,,0.8195747135746166,1.0850063678913004,2,15,5
48,5.5400106380475663e-14,0.0035330999999132473,,0.8193953027682405,1.0866027230721245,2,15,6
64,9.561477394474951e-14,0.006212000000232365,,0.8193749408085897,1.0885545537829326,2,15,7
8,1.583163045812259e-15,0.0005128000011609402,,0.891637352542673,1.3307911926967981,2,16,0
12,4.499800025851192e-15,0.0005271999980323017,,0.8815868501436263,1.3377196713403583,2,16,1
16,7.247637314149692e-15,0.000666200001433026,,0.8770265313379074,1.3406557359607034,2,16,2
24,1.648597081617964e-14,0.0011864999978570268,,0.8734914732860743,1.3423343426062708,2,16,3
32,3.114581737214886e-14,0.001859099997091107,,0.8719438578517131,1.3428112816203908,2,16,4
40,4.470024974530223e-14,0.0024849000001267996,,0.8710813253591568,1.3430121800277193,2,16,5
48,7.040419582680407e-14,0.0036637999983213376,,0.8705327826457945,1.3431159963887829,2,16,6
64,1.2418535823359114e-13,0.006120599999121623,,0.8698760036555803,1.343215495447782,2,16,7
8,1.1531097231421422e-15,0.0006595999984710943,,0.7551158617479807,1.0203430871192496,2,17,0
12,3.9086885101095265e-15,0.0005483000022650231,,0.7587429453793502,1.033864645458143,2,17,1
16,5.898712854536318e-15,0.0007721000001765788,,0.7533105446997365,1.04108161112961,2,17,2
24,1.3596946300898984e-14,0.001234300001669908,,0.7542175499614145,1.048759068948995,2,17,3
32,2.4135766235166034e-14,0.001790000002074521,,0.7532280471156163,1.0527394806063382,2,17,4
40,4.196894523737891e-14,0.0025002000002132263,,0.753033931295211,1.0551721816920046,2,17,5
48,5.864016875197182e-14,0.0038788999991083983,,0.7532102019597201,1.056812235064182,2,17,6
64,1.0292900278017643e-13,0.006139400000392925,,0.7530159508741722,1.058882573939173,2,17,7
8,1.315464957736211e-15,0.0005253999988781288,,0.5557492478854859,1.0329700243852058,2,18,0
12,2.7772223967990034e-15,0.0005280999976093881,,0.5541163839811825,1.0553591562437667,2,18,1
16,4.953986358134297e-15,0.0006509999984700698,,0.5536027205037702,1.0702944071229854,2,18,2
24,1.1845946320664846e-14,0.0011635999981081113,,0.553254546663804,1.0828814217678213,2,18,3
32,2.2781406354144996e-14,0.0017751000013959128,,0.553136404797384,1.089679868749883,2,18,4
40,3.47150709187271e-14,0.002534499999455875,,0.5530823779285227,1.0939614649729172,2,18,5
48,4.8517660172270564e-14,0.0034993999979633372,,0.5530532043080849,1.0966611435892093,2,18,6
64,8.792886685660298e-14,0.006243100000574486,,0.5530243182450961,1.099862824974571,2,18,7
8,2.164534540198153e-15,0.0005082999996375293,,0.8899874735755494,1.648737291289491,2,19,0
12,3.8921635317799675e-15,0.0005485000001499429,,0.8637717216540525,1.6712489466952294,2,19,1
16,7.946290905616275e-15,0.0006723000005877111,,0.8519107660575547,1.6792936904579567,2,19,2
24,1.899857887332502e-14,0.0010880000008910429,,0.8408997783415888,1.6850934778981435,2,19,3
32,3.40301724316285e-14,0.0017659999975876417,,0.8357153764346934,1.6871340262851215,2,19,4
40,5.349282108544834e-14,0.003305700000055367,,0.8327077640321019,1.6880803813798686,2,19,5
48,7.343044795949981e-14,0.0036691000022983644,,0.8307456415889215,1.6885949483666522,2,19,6
64,1.3956601991373516e-13,0.00593980000121519,,0.8283222377526984,1.6891069393049436,2,19,7
8,1.4904253077079166e-15,0.0004938000020047184,,0.8484719323264013,0.977079657073025,2,20,0
12,3.323787319525314e-15,0.0005137000007380266,,0.8487614836739497,0.9887880643120138,2,20,1
16,5.65462380881372e-15,0.000674899998557521,,0.8492009579803598,0.9944001717720465,2,20,2
24,1.4766131438349958e-14,0.0010757000018202234,,0.8484719323264013,0.9997671608036128,2,20,3
32,2.59545029631366e-14,0.0019586000016715843,,0.8485225330290904,1.0023382546536652,2,20,4
40,4.045139469043519e-14,0.0024969999976747204,,0.8484719323264013,1.0038401322338266,2,20,5
48,5.5209133362877585e-14,0.0038264999966486357,,0.8483921168348312,1.0048232677871696,2,20,6
64,1.0450281546485338e-13,0.006092499999795109,,0.8483688096914627,1.0060308527945574,2,20,7
8,1.7350010095320548e-15,0.0004537999993772246,,0.9704113678048467,1.712524435956034,2,21,0
12,3.944591488724849e-15,0.00048439999955007806,,0.9434765053061516,1.7078920951120662,2,21,1
16,6.934274532406502e-15,0.0007449999975506216,,0.9312637004900636,1.7085595548825714,2,21,2
24,1.8192674170063657e-14,0.0012125000030209776,,0.9194757657320434,1.712524435956034,2,21,3
32,3.2270367551532185e-14,0.0018034999993687961,,0.9138030825846704,1.7123557027871954,2,21,4
40,5.2522704085904686e-14,0.002547500000218861,,0.9104677587778887,1.7129110171227426,2,21,5
48,7.066025311824549e-14,0.0037824999999429565,,0.9082720330555643,1.7128453272558686,2,21,6
64,1.304777844279762e-13,0.006059100000129547,,0.9055581256179306,1.7131179435170598,2,21,7
8,1.4516059906717368e-15,0.0006290999990596902,,0.7286108326049922,0.9699719323982792,2,22,0
12,3.1798948703122106e-15,0.0005122000002302229,,0.728035818228015,0.9810394723441814,2,22,1
16,5.775110962218569e-15,0.0006229999999050051,,0.7278686147134542,0.986786177520982,2,22,2
24,1.381718533891237e-14,0.0012395999983709771,,0.727760208674279,0.9928678478641257,2,22,3
32,2.3076290341172134e-14,0.0018592000014905352,,0.727724455597956,0.9955163049485107,2,22,4
40,3.989691954739286e-14,0.0024493999990227167,,0.7277082930973006,0.996974061039179,2,22,5
48,5.4355210095758316e-14,0.003544899998814799,,0.72769961605696,0.9978899362955591,2,22,6
64,1.0029339870485144e-13,0.006248999998206273,,0.7276879333801728,0.9989708201434608,2,22,7
8,1.0111756560930368e-15,0.0004934999997203704,,0.43151401465508404,1.1335278584666328,2,23,0
12,2.593756519962326e-15,0.0005210000017541461,,0.422479498947121,1.1776685066184656,2,23,1
16,4.065220740230227e-15,0.0006261999988055322,,0.4193285513655099,1.2001041966336006,2,23,2
24,9.841538135479547e-15,0.0011755999985325616,,0.4170815845388319,1.2241524952394158,2,23,3
32,1.9112706825324327e-14,0.0017971000015677419,,0.4162958913233029,1.235858131412515,2,23,4
40,3.0388812137712473e-14,0.0024752999997872394,,0.415932359836867,1.2430175849176512,2,23,5
48,4.373368167606508e-14,0.003449799998634262,,0.4157349211649576,1.2477741772152466,2,23,6
64,7.888873575319929e-14,0.006123000002844492,,0.4155386289475681,1.253728095693598,2,23,7
8,1.3217454567932744e-15,0.000522300000739051,,0.828809262470951,1.1497837700974727,2,24,0
12,3.4611597249526463e-15,0.000487299999804236,,0.8253960734759846,1.1490693571584394,2,24,1
16,5.489783433046264e-15,0.0006001000001560897,,0.8242285498937933,1.154611163735108,2,24,2
24,1.379013412752343e-14,0.0011545000015757978,,0.8234034749461648,1.1551527692409573,2,24,3
32,2.324807644204078e-14,0.0018116000028385315,,0.8231164681501103,1.1552163993058369,2,24,4
40,3.78507437369304e-14,0.0024428999968222342,,0.8229839378528502,1.155188015490383,2,24,5
48,5.2454362740990305e-14,0.003664800002297852,,0.8229120293021096,1.1552576881385717,2,24,6
64,9.457176184953515e-14,0.006194999998115236,,0.822840587500943,1.1555733838744577,2,24,7
8,1.530148042965635e-15,0.0004810999998881016,,0.9215057964415159,1.3076056614378728,2,25,0
12,3.638616112316494e-15,0.0004870999982813373,,0.9187503880975073,1.305513577129611,2,25,1
16,5.343871910108324e-15,0.000636500000837259,,0.9148453788172637,1.3141707612993025,2,25,2
24,1.635325864407441e-14,0.001173900000139838,,0.9121955251416282,1.3130302575549757,2,25,3
32,2.4677375252004325e-14,0.0017994000008911826,,0.9107864055703028,1.3127001987560825,2,25,4
40,3.82345370128769e-14,0.0024903999983507674,,0.9097249593176616,1.314033088070684,2,25,5
48,6.053019950878203e-14,0.0035112000005028676,,0.9089866366722377,1.3141707612993025,2,25,6
64,1.0375885014302656e-13,0.006185000002005836,,0.9081510847220177,1.3139039370912617,2,25,7
8,1.5489128225058954e-15,0.00046970000039436854,,0.7933239679541481,1.1166211415706935,2,26,0
12,3.2078876666684355e-15,0.000492299997858936,,0.7892079886517208,1.1283745583494453,2,26,1
16,5.40465007459141e-15,0.0006265000010898802,,0.7877588468561852,1.1317113007659525,2,26,2
24,1.3472743225014367e-14,0.0011688999984471593,,0.7867210715408267,1.1358092488403646,2,26,3
32,2.2832437771485883e-14,0.0018424000008963048,,0.7863573271496401,1.1373905585289483,2,26,4
40,3.7388329840384305e-14,0.0026685000011639204,,0.7861888739773708,1.138189115806936,2,26,5
48,5.537038773308819e-14,0.0035029999999096617,,0.7860973443206857,1.1387149290640861,2,26,6
64,9.478048990779032e-14,0.006083699998271186,,0.7860063178199721,1.1394156266189581,2,26,7
8,9.357993084592851e-16,0.0004879000007349532,,0.544271133003971,0.9893399738248151,2,27,0
12,2.880063589273643e-15,0.0004847999989578966,,0.5394990526734679,0.9993916181848047,2,27,1
16,4.108135788641792e-15,0.0006200000025273766,,0.5378456304950461,1.0030251968180075,2,27,2
24,1.161191639329266e-14,0.0011543000000528991,,0.5366700468269526,1.0082922206693423,2,27,3
32,1.9649966522802403e-14,0.0017625000000407454,,0.5362596702032729,1.0134413419633568,2,27,4
40,3.3264419002546047e-14,0.0024567999971623067,,0.5360699144188121,1.017122776832241,2,27,5
48,4.671992190575086e-14,0.003963899998780107,,0.5359668876725874,1.0197958446303217,2,27,6
64,8.759656237512135e-14,0.006043299999873852,,0.5358644815669654,1.0233926002735645,2,27,7
8,1.6834505971859754e-15,0.000468999998702202,,0.8678937347872189,1.2366422954773608,2,28,0
12,3.818149095618762e-15,0.0004970000009052455,,0.8650278948884389,1.242951150577572,2,28,1
16,6.273650414988584e-15,0.000625100001343526,,0.8633565041121957,1.2431182018857425,2,28,2
24,1.6281037418165902e-14,0.0011642999998002779,,0.8633949175835731,1.243392270156179,2,28,3
32,2.803281104725383e-14,0.0017833000019891188,,0.8636830318737866,1.2436303985146304,2,28,4
40,4.132047984843134e-14,0.0025401999992027413,,0.8636920271554047,1.2439615557846115,2,28,5
48,6.590188417908519e-14,0.0037743000029877294,,0.8633565041121957,1.2439510520344006,2,28,6
64,1.116802976882094e-13,0.005997600001137471,,0.8633170345502904,1.2438007034182625,2,28,7
8,1.6817909252719538e-15,0.0004590999997162726,,1.0158730571036223,1.2706324042989923,2,29,0
12,3.92189328103841e-15,0.0005057999987911899,,1.0028330206434617,1.270886613290676,2,29,1
16,7.477851865714203e-15,0.000614800002949778,,0.9968599458231823,1.273435622923329,2,29,2
24,1.6332759633703732e-14,0.001159300001745578,,0.991316239854738,1.2732965346647533,2,29,3
32,3.096348921389912e-14,0.001771899998857407,,0.9887210016189564,1.2737278697297827,2,29,4
40,4.177058050534281e-14,0.0025982999977713916,,0.9872240190010625,1.2736239381384726,2,29,5
48,6.67111051530434e-14,0.0037177999984123744,,0.9862519476168986,1.2735355814393843,2,29,6
64,1.1678305128107712e-13,0.005991800000629155,,0.9850667354837526,1.2737457007234816,2,29,7
8,1.9491252931246523e-15,0.00045980000140843913,,0.9602255398807583,1.7965084792478097,2,30,0
12,3.848383931573379e-15,0.0005022999976063147,,0.9444755769515245,1.8191632156389796,2,30,1
16,6.724733362775623e-15,0.0006146999985503498,,0.9325352596908193,1.827189318200534,2,30,2
24,1.8232083661571422e-14,0.001242800000909483,,0.9196405930078861,1.8329530486690768,2,30,3
32,3.237894170886836e-14,0.00184850000005099,,0.9130671590622889,1.8349764194210167,2,30,4
40,5.390623458502601e-14,0.002735399997618515,,0.9091496014029661,1.8359140158070093,2,30,5
48,7.35686222971653e-14,0.003500399998301873,,0.9065636272907581,1.836423609854259,2,30,6
64,1.3914269345197596e-13,0.005965000000287546,,0.9032501012479073,1.8369305056233145,2,30,7
8,1.6610500408865334e-15,0.0004474000015761703,,1.007896534941808,1.2920645475393864,2,31,0
12,4.3107009262329725e-15,0.0005094000007375143,,0.9905842529115603,1.3040750629356992,2,31,1
16,6.8996231293907226e-15,0.0006160999982967041,,0.9798372702907056,1.3028059011223656,2,31,2
24,1.457714211271589e-14,0.001201200000650715,,0.9700061263918593,1.3039295204710004,2,31,3
32,2.8082770933133223e-14,0.0017888000002130866,,0.9654640959018602,1.3046605201218608,2,31,4
40,3.798330393308065e-14,0.0027664999979606364,,0.9628649013788074,1.3048756956886418,2,31,5
48,6.201085395732399e-14,0.003465699999651406,,0.9611860447986317,1.304855618477093,2,31,6
64,1.1055337281680867e-13,0.006006700001307763,,0.9591493250465525,1.3047753447007455,2,31,7
8,1.3350114495898333e-15,0.00045730000056209974,,0.7750546555645004,0.9818881072127329,3,0,0
12,3.64173178415294e-15,0.0006076999998185784,,0.7732153734940965,1.0017896630129681,3,0,1
16,5.0425281447675115e-15,0.0006253999999898952,,0.7737942378025551,1.0113149359813525,3,0,2
24,1.3970061308704707e-14,0.001250699999218341,,0.7725791330625169,1.0204060101918304,3,0,3
32,2.5925309733776807e-14,0.0018939000001410022,,0.7726724183731603,1.0247518383542662,3,0,4
40,4.340559763649374e-14,0.0027298000022710767,,0.7725655241012214,1.0272867658847962,3,0,5
48,5.711151199461438e-14,0.0035667999982251786,,0.772577996624812,1.0289444556978875,3,0,6
64,1.0163148585531457e-13,0.006030600001395214,,0.7725558105146,1.030978558124431,3,0,7
8,1.5690494727414441e-15,0.0004393999988678843,,0.7618497412353115,0.9674666315437069,3,1,0
12,3.3493261331637943e-15,0.0005120999994687736,,0.758413078202543,0.9950322949840831,3,1,1
16,6.386576193505694e-15,0.0006248999998206273,,0.7580265672175732,1.007433427591177,3,1,2
24,1.4706925563425066e-14,0.00123879999955534,,0.7575010773717566,1.0186510307603625,3,1,3
32,2.566052314273564e-14,0.0017852999990282115,,0.7573350530752274,1.0237576025088027,3,1,4
40,4.3325273685710465e-14,0.0025322999972559046,,0.7573879078553228,1.0266480309631272,3,1,5
48,5.831162804630028e-14,0.0034584000022732653,,0.7573472003237343,1.0284998525197828,3,1,6
64,1.0218350615851283e-13,0.006017199997586431,,0.7573975129915941,1.0307277941290565,3,1,7
8,1.4925559174358312e-15,0.0004621999978553504,,0.7618497412353115,0.9674666315437068,3,2,0
12,2.9374323036285425e-15,0.0004920999999740161,,0.758413078202543,0.995032294984083,3,2,1
16,5.878222037167384e-15,0.000629599999228958,,0.7580265672175732,1.007433427591177,3,2,2
24,1.393395167282089e-14,0.0011713999992934987,,0.7575010773717566,1.0186510307603625,3,2,3
32,2.4702868200377012e-14,0.0018005999991146382,,0.7573350530752274,1.0237576025088027,3,2,4
40,4.158096687587405e-14,0.002927300000010291,,0.7573879078553228,1.0266480309631272,3,2,5
48,5.787012592732797e-14,0.0037675000021408778,,0.7573472003237344,1.0284998525197828,3,2,6
64,1.0133468428391273e-13,0.006059699997422285,,0.7573975129915941,1.0307277941290565,3,2,7
8,1.2951032347140686e-15,0.00045540000064647757,,0.7750546555645004,0.981888107212733,3,3,0
12,3.778010906145755e-15,0.0004970999980287161,,0.7732153734940965,1.0017896630129683,3,3,1
16,6.459696560797569e-15,0.0006154000002425164,,0.7737942378025551,1.0113149359813525,3,3,2
24,1.5044034781665636e-14,0.0011904999992111698,,0.7725791330625169,1.0204060101918304,3,3,3
32,2.500759409189607e-14,0.001893299999210285,,0.7726724183731603,1.0247518383542662,3,3,4
40,4.3321604129064025e-14,0.002628599999297876,,0.7725655241012214,1.0272867658847962,3,3,5
48,5.6536798877788034e-14,0.0035350000034668483,,0.7725779966248121,1.0289444556978875,3,3,6
64,1.0415715299558503e-13,0.006241399998543784,,0.7725558105146,1.0309785581244313,3,3,7
8,1.0900911776942902e-15,0.0004775000015797559,,0.7070603287995761,1.0316910437963347,3,4,0
12,2.928735698914436e-15,0.000491300001158379,,0.7053264099754184,1.0594243792219313,3,4,1
16,5.715277577164511e-15,0.000628800000413321,,0.7056246951815652,1.07150993378364,3,4,2
24,1.3271978108748723e-14,0.0012558999987959396,,0.705646098272138,1.0847850610814525,3,4,3
32,2.2751768113413114e-14,0.002478700000210665,,0.7054700135465215,1.0916470702333259,3,4,4
40,3.734755931496242e-14,0.0026503999979468063,,0.7053518500288934,1.095706697363157,3,4,5
48,5.3597752706392554e-14,0.003475000001344597,,0.7052756608302607,1.0983619287441255,3,4,6
64,9.494238120115163e-14,0.006280800000240561,,0.7052944584562224,1.1016218543385907,3,4,7
8,1.3734102764770834e-15,0.0004967999993823469,,0.697346774703249,1.0591753456965396,3,5,0
12,3.344569255456782e-15,0.0005028999985370319,,0.6992039802256278,1.079196354432786,3,5,1
16,5.839630636204498e-15,0.0006171999993966892,,0.6983377297353055,1.0877554321699923,3,5,2
24,1.1600341102672594e-14,0.0011712000014085788,,0.697346774703249,1.0960921309663856,3,5,3
32,2.2717490650200875e-14,0.0018204999978479464,,0.6971163495869375,1.1000360755029828,3,5,4
40,3.802270017778058e-14,0.002469600000040373,,0.697346774703249,1.102331457392074,3,5,5
48,5.286585852528605e-14,0.003446599999733735,,0.697041002562658,1.1038324161133022,3,5,6
64,9.375783361864773e-14,0.0059771000014734454,,0.697061720684957,1.1056759398295226,3,5,7
8,1.224080674111502e-15,0.00044780000098398887,,0.697346774703249,1.0591753456965396,3,6,0
12,3.338536711052348e-15,0.0004956000011588912,,0.6992039802256278,1.079196354432786,3,6,1
16,5.968404795809387e-15,0.0006300999993982259,,0.6983377297353056,1.0877554321699923,3,6,2
24,1.3126832972789946e-14,0.0011636000017460901,,0.697346774703249,1.0960921309663856,3,6,3
32,2.310006163725144e-14,0.0018084000003000256,,0.6971163495869375,1.1000360755029828,3,6,4
40,4.094311822498203e-14,0.0024403999996138737,,0.697346774703249,1.102331457392074,3,6,5
48,5.37186978509383e-14,0.003446700000495184,,0.697041002562658,1.1038324161133022,3,6,6
64,9.16698986569762e-14,0.006038499999704072,,0.697061720684957,1.1056759398295226,3,6,7
8,1.3034781919688643e-15,0.0005123999981151428,,0.7070603287995761,1.0316910437963347,3,7,0
12,2.8394012639752457e-15,0.0005057000016677193,,0.7053264099754183,1.0594243792219313,3,7,1
16,5.721188506340919e-15,0.0006182999968586955,,0.7056246951815652,1.07150993378364,3,7,2
24,1.265675720588529e-14,0.001155900001322152,,0.705646098272138,1.0847850610814525,3,7,3
32,2.3346753844392207e-14,0.0019504000010783784,,0.7054700135465215,1.0916470702333259,3,7,4
40,3.7527527055489444e-14,0.0025482000019110274,,0.7053518500288934,1.095706697363157,3,7,5
48,5.197599938046578e-14,0.0035123000016028527,,0.7052756608302607,1.0983619287441255,3,7,6
64,9.585654473874895e-14,0.006052900000213413,,0.7052944584562224,1.1016218543385907,3,7,7
8,1.0901795121361267e-15,0.00045169999793870375,,0.6368374923782194,1.0882503051607917,3,8,0
12,3.281267858786052e-15,0.0004994000009901356,,0.6305323854534753,1.1140258117068838,3,8,1
16,5.007276233393006e-15,0.0006229999999050051,,0.6283190381779915,1.1253060802315686,3,8,2
24,1.2359126490099507e-14,0.001130399999965448,,0.6267360638986361,1.1371927281709207,3,8,3
32,2.2740522533749783e-14,0.002063200001430232,,0.6261816327972548,1.1426528968717575,3,8,4
40,3.5511331784686416e-14,0.0024941999981820118,,0.6259249425018348,1.1459636314748602,3,8,5
48,4.606383473970479e-14,0.003552599999238737,,0.6257854878495401,1.1481842893791274,3,8,6
64,9.075248474042868e-14,0.006127299999207025,,0.6256468130488966,1.1508636780345807,3,8,7
8,1.2001679071726646e-15,0.0004528999998001382,,0.6318668182344778,1.0700412314113796,3,9,0
12,3.1792487690789287e-15,0.0004985999985365197,,0.6282595227298131,1.100008904460975,3,9,1
16,5.571257749465252e-15,0.00061949999872013,,0.6270279016707909,1.1151501115811497,3,9,2
24,1.207282195844306e-14,0.0012501000019256026,,0.6261581927033194,1.1298793554857645,3,9,3
32,2.0780336727730045e-14,0.0017913999981828965,,0.625855784466689,1.1371273156861508,3,9,4
40,3.4296642397652907e-14,0.0024425000010523945,,0.6257161636296322,1.1416277313077747,3,9,5
48,5.047641783339667e-14,0.003439000000071246,,0.6256404134797895,1.1445005302769606,3,9,6
64,9.009493957389599e-14,0.005979599998681806,,0.6255651588994668,1.1481295574287247,3,9,7
8,1.2952519347816937e-15,0.000446999998530373,,0.6318668182344778,1.0700412314113796,3,10,0
12,2.656620876013707e-15,0.0004967000022588763,,0.6282595227298132,1.100008904460975,3,10,1
16,5.693767308283322e-15,0.0006300999993982259,,0.627027901670791,1.1151501115811497,3,10,2
24,1.1890636023620432e-14,0.0012805000005755574,,0.6261581927033194,1.1298793554857645,3,10,3
32,2.1623220342516947e-14,0.0018965999988722615,,0.625855784466689,1.1371273156861508,3,10,4
40,3.487978949663476e-14,0.002453000000969041,,0.6257161636296322,1.1416277313077747,3,10,5
48,5.032626143793138e-14,0.0037762000029033516,,0.6256404134797895,1.1445005302769606,3,10,6
64,8.760790047326403e-14,0.006031599998095771,,0.6255651588994668,1.1481295574287247,3,10,7
8,1.151605557343768e-15,0.00047110000014072284,,0.6368374923782194,1.0882503051607917,3,11,0
12,2.9049804534602923e-15,0.0005008999978599604,,0.6305323854534753,1.1140258117068838,3,11,1
16,5.353913123528713e-15,0.0006220000032044481,,0.6283190381779916,1.1253060802315686,3,11,2
24,1.191144090500243e-14,0.0011501000008138362,,0.6267360638986361,1.1371927281709207,3,11,3
32,2.2062470141839696e-14,0.0018310000014025718,,0.6261816327972548,1.1426528968717575,3,11,4
40,3.4403480576937855e-14,0.002560999997513136,,0.6259249425018348,1.1459636314748602,3,11,5
48,4.904313984071228e-14,0.003454800000326941,,0.6257854878495401,1.1481842893791274,3,11,6
64,9.117517761676216e-14,0.005931100000452716,,0.6256468130488966,1.1508636780345807,3,11,7
8,1.2368371577644251e-15,0.0004399999997986015,,0.5531124635281918,1.0813337663248157,3,12,0
12,3.238758410700538e-15,0.0004989000008208677,,0.5432637034288607,1.1029395154229469,3,12,1
16,4.817111887318958e-15,0.000618199999735225,,0.539809398087697,1.1150769580372835,3,12,2
24,1.0907632228740586e-14,0.0012786000006599352,,0.5373399520944668,1.1288097334453469,3,12,3
32,2.1580792803909724e-14,0.001877700000477489,,0.5364752536335781,1.13593087206082,3,12,4
40,3.1909855114819e-14,0.002694299997529015,,0.5360749546514864,1.1404614102716844,3,12,5
48,4.754479654270928e-14,0.0035695000005944166,,0.5358574906719629,1.143396967004241,3,12,6
64,8.411082462237404e-14,0.0060435999985202216,,0.5356412500576413,1.1472247579446884,3,12,7
8,1.230827564793298e-15,0.00045990000216988847,,0.5487952839432184,1.0475675315253414,3,13,0
12,2.701558535431622e-15,0.0004945000000589062,,0.5413054157197303,1.0786454542684198,3,13,1
16,5.0431630756735964e-15,0.0008975999990070704,,0.5387001405633316,1.099028494423607,3,13,2
24,1.2559639909213609e-14,0.0014339000008476432,,0.5368445070446373,1.1193089408859154,3,13,3
32,2.1422276008345718e-14,0.0019329999995534308,,0.5361960861258926,1.1294032365084699,3,13,4
40,3.2752086467419375e-14,0.0024671999999554828,,0.5358961454735027,1.1352998255961413,3,13,5
48,4.51508431036331e-14,0.0034511999983806163,,0.5357332640971304,1.1392880716189977,3,13,6
64,8.586512471303739e-14,0.006018199997924967,,0.5355713426757756,1.1441815305199527,3,13,7
8,1.1472491115682928e-15,0.0004391000002215151,,0.5487952839432184,1.0475675315253414,3,14,0
12,2.425434314903046e-15,0.0009884999999485444,,0.5413054157197305,1.0786454542684198,3,14,1
16,4.585805736046077e-15,0.000999199997750111,,0.5387001405633316,1.099028494423607,3,14,2
24,1.0910366715527628e-14,0.001224800002091797,,0.5368445070446373,1.1193089408859154,3,14,3
32,2.0268697946272753e-14,0.0018404000002192333,,0.5361960861258926,1.1294032365084699,3,14,4
40,3.2583539395083824e-14,0.002670499998203013,,0.5358961454735027,1.1352998255961413,3,14,5
48,4.7886762033640084e-14,0.0035381999987293966,,0.5357332640971304,1.1392880716189977,3,14,6
64,8.413293909917302e-14,0.006321400000160793,,0.5355713426757756,1.1441815305199527,3,14,7
8,1.138486210971661e-15,0.0005008000007364899,,0.5531124635281918,1.0813337663248155,3,15,0
12,2.8583901067376325e-15,0.0005211999996390659,,0.5432637034288607,1.1029395154229469,3,15,1
16,4.692129108013573e-15,0.0006273999970289879,,0.5398093980876971,1.1150769580372835,3,15,2
24,1.2775279039045216e-14,0.0012147999987064395,,0.5373399520944668,1.1288097334453469,3,15,3
32,2.0512140897251386e-14,0.0018295000008947682,,0.5364752536335781,1.13593087206082,3,15,4
40,3.190504805398667e-14,0.0025484999969194178,,0.5360749546514864,1.1404614102716846,3,15,5
48,4.8311464830761163e-14,0.003551100002368912,,0.5358574906719629,1.143396967004241,3,15,6
64,8.467789530247285e-14,0.006247100001928629,,0.5356412500576413,1.1472247579446884,3,15,7
8,2.6678941687165755e-15,0.0005837999997311272,,0.9247838467106703,1.8079505813721926,3,16,0
12,4.238765014307605e-15,0.0006595000013476238,,0.9066680321237086,1.8407266925590733,3,16,1
16,8.841079420137699e-15,0.0006958999983908143,,0.8967990888809705,1.8525057243214957,3,16,2
24,2.1235020828423813e-14,0.0012365000002318993,,0.8858888884203766,1.8610192599715634,3,16,3
32,3.767740943084264e-14,0.001831600002333289,,0.8803352603541686,1.8640188773423227,3,16,4
40,5.194990127040532e-14,0.00246559999868623,,0.8768380858776946,1.8654107813153125,3,16,5
48,8.144224183736996e-14,0.0035652000005939044,,0.8745868922672163,1.8661678102997208,3,16,6
64,1.4089478972293272e-13,0.006593800000700867,,0.8716687755166224,1.866921190054702,3,16,7
8,2.165557529732914e-15,0.0005006999999750406,,0.9545923961044503,1.8221730930608102,3,17,0
12,5.324707830353876e-15,0.0004988000000594184,,0.9270886889132998,1.8473859136812443,3,17,1
16,7.771895718988615e-15,0.0006260999980440829,,0.9098945159965636,1.8563202878586147,3,17,2
24,1.8328809759676796e-14,0.001269499996851664,,0.8934083910814791,1.8627367643287678,3,17,3
32,3.215495489017789e-14,0.0018546000028436538,,0.885423352505596,1.864989368395374,3,17,4
40,5.540138299104789e-14,0.0024524999971617945,,0.8808245869983325,1.8660332014824033,3,17,5
48,7.695689870488333e-14,0.003426200000831159,,0.8777411305456214,1.866600539888627,3,17,6
64,1.3940021068034802e-13,0.0060941999981878325,,0.8739871893803145,1.867164876678961,3,17,7
8,1.824810366543749e-15,0.0004778000002261251,,0.9545923961044503,1.8221730930608102,3,18,0
12,5.036377323611171e-15,0.00048750000132713467,,0.9270886889132998,1.8473859136812445,3,18,1
16,7.923384370310255e-15,0.0006048000032023992,,0.9098945159965636,1.856320287858615,3,18,2
24,1.8970125447747005e-14,0.0011469999990367796,,0.8934083910814791,1.8627367643287678,3,18,3
32,3.494994808129184e-14,0.0017736000008881092,,0.885423352505596,1.864989368395374,3,18,4
40,5.517538695490639e-14,0.002489800001058029,,0.8808245869983325,1.8660332014824033,3,18,5
48,7.820816046008146e-14,0.003519000001688255,,0.8777411305456214,1.866600539888627,3,18,6
64,1.443051653912181e-13,0.006388300000253366,,0.8739871893803145,1.867164876678961,3,18,7
8,2.3301462827935277e-15,0.0004688000008172821,,0.9247838467106703,1.8079505813721926,3,19,0
12,5.006007874492437e-15,0.000492600000143284,,0.9066680321237086,1.8407266925590735,3,19,1
16,8.18679509448842e-15,0.0006270000012591481,,0.8967990888809705,1.8525057243214962,3,19,2
24,1.769097185326631e-14,0.00115400000140653,,0.8858888884203766,1.8610192599715634,3,19,3
32,3.599521116118759e-14,0.0017647000022407155,,0.8803352603541686,1.8640188773423227,3,19,4
40,5.479400159826992e-14,0.0024778999977570493,,0.8768380858776946,1.8654107813153125,3,19,5
48,7.789006409595453e-14,0.003436800001509255,,0.8745868922672163,1.8661678102997208,3,19,6
64,1.392612566481787e-13,0.006415200001356425,,0.8716687755166224,1.866921190054702,3,19,7
8,1.638578327535869e-15,0.00048290000268025324,,0.9189062435891047,1.5702593078582399,3,20,0
12,4.274618970561227e-15,0.0004899000014120247,,0.8976452695183282,1.5859613607012517,3,20,1
16,7.92148516531438e-15,0.0006279000008362345,,0.8886471134984156,1.5915481455087117,3,20,2
24,1.696629230813129e-14,0.0011644000005617272,,0.8793584194021503,1.5955679872312771,3,20,3
32,3.20642940590941e-14,0.001896199999464443,,0.8751564037842999,1.5969807283117488,3,20,4
40,4.908211809382837e-14,0.002463999997416977,,0.8726280420548735,1.5976356462213814,3,20,5
48,7.016356534375747e-14,0.003411099998629652,,0.8709403266097143,1.597991675128832,3,20,6
64,1.32554613055084e-13,0.006330200001684716,,0.8689126428142886,1.5983458704549436,3,20,7
8,1.7450731870225666e-15,0.0005095999986224342,,0.9345434275284928,1.5826119858519183,3,21,0
12,4.732721294362258e-15,0.0004912000003969297,,0.9090835500918228,1.5916989139376023,3,21,1
16,7.207854324003846e-15,0.0006572999991476536,,0.8967402591047758,1.5948253615754262,3,21,2
24,1.7278839097472254e-14,0.0011665999991237186,,0.8850502446520708,1.5970405109333303,3,21,3
32,3.279108871447987e-14,0.001810400000977097,,0.879409003904363,1.5978121874388855,3,21,4
40,4.831745044160768e-14,0.0026451999983692076,,0.8759422818631646,1.5981687195025223,3,21,5
48,7.267769477441348e-14,0.003462799999397248,,0.8737435881816563,1.5983622196623073,3,21,6
64,1.3434613902226327e-13,0.006289900000410853,,0.8709818448011514,1.5985545003165813,3,21,7
8,1.697293731448516e-15,0.0004910999996354803,,0.9345434275284928,1.5826119858519183,3,22,0
12,4.332448873096831e-15,0.0005051000007370021,,0.9090835500918228,1.5916989139376023,3,22,1
16,7.79157455693262e-15,0.0006266999989748001,,0.8967402591047758,1.5948253615754264,3,22,2
24,1.792806326761932e-14,0.0011650000014924444,,0.8850502446520708,1.5970405109333303,3,22,3
32,3.306229310308309e-14,0.0018039000024145935,,0.879409003904363,1.5978121874388855,3,22,4
40,5.42476300191526e-14,0.0024427999996987637,,0.8759422818631646,1.5981687195025223,3,22,5
48,7.006706384058468e-14,0.0034263999987160787,,0.8737435881816563,1.5983622196623073,3,22,6
64,1.3086132580388543e-13,0.006338200000755023,,0.8709818448011514,1.5985545003165813,3,22,7
8,1.7710362806642479e-15,0.0004993000002286863,,0.9189062435891047,1.5702593078582399,3,23,0
12,3.954387638843931e-15,0.0004980999983672518,,0.8976452695183282,1.585961360701252,3,23,1
16,7.395392912954631e-15,0.0007605000027979258,,0.8886471134984156,1.5915481455087122,3,23,2
24,1.5654940904682134e-14,0.0011799999992945231,,0.8793584194021503,1.5955679872312771,3,23,3
32,3.5417836251905357e-14,0.002038500002527144,,0.8751564037842999,1.5969807283117488,3,23,4
40,4.927275194557921e-14,0.0024545000014768448,,0.8726280420548735,1.5976356462213814,3,23,5
48,7.429770495403283e-14,0.0033949000026041176,,0.8709403266097143,1.597991675128832,3,23,6
64,1.2791175886884217e-13,0.006399499998224201,,0.8689126428142886,1.5983458704549436,3,23,7
8,1.706516530511187e-15,0.0005078000031062402,,0.9692824281194489,1.4143064732506876,3,24,0
12,4.117503236806404e-15,0.0005154999998921994,,0.9439088052083774,1.4177832927521479,3,24,1
16,6.6552349075768e-15,0.0006207999977050349,,0.9332624630635675,1.417183960295903,3,24,2
24,1.7783904216831005e-14,0.00116379999963101,,0.9218416033523472,1.4171409754105124,3,24,3
32,2.985419004675961e-14,0.001810299996577669,,0.9160469782475232,1.4174946926132614,3,24,4
40,4.288183040974369e-14,0.002451299998938339,,0.9126529959217395,1.41773215730424,3,24,5
48,6.635975256579658e-14,0.003463900000497233,,0.9104467059809755,1.417885311429556,3,24,6
64,1.2751469301207062e-13,0.0064252000011038035,,0.9077525069620155,1.4178475217129045,3,24,7
8,1.808909885957262e-15,0.0006167999999888707,,0.944130737241033,1.4340067757903419,3,25,0
12,3.922133353081636e-15,0.0005118999979458749,,0.9266154355437841,1.4301978081951245,3,25,1
16,7.246149061541436e-15,0.0006308000010903925,,0.9193242988500396,1.4319718918510032,3,25,2
24,1.7038058003114324e-14,0.0011895999996340834,,0.9123320674862755,1.4340067757903419,3,25,3
32,2.936981848348652e-14,0.0018201000020781066,,0.9090610956033945,1.4344807729621178,3,25,4
40,4.578512111506838e-14,0.0024644999975862447,,0.9071681600793898,1.4340067757903419,3,25,5
48,7.150357379986254e-14,0.0034344999985478353,,0.905934619605659,1.4346358339373422,3,25,6
64,1.2674064012920568e-13,0.0062083999982860405,,0.9044241300522319,1.4345931935802836,3,25,7
8,1.4923623513374356e-15,0.0004932999981974717,,0.944130737241033,1.4340067757903419,3,26,0
12,4.484938029654317e-15,0.0004991999994672369,,0.9266154355437841,1.4301978081951243,3,26,1
16,7.529323401077317e-15,0.0007067000005918089,,0.9193242988500396,1.4319718918510032,3,26,2
24,1.779402342635556e-14,0.0012228000014147256,,0.9123320674862755,1.4340067757903419,3,26,3
32,3.193464277776319e-14,0.0018347000004723668,,0.9090610956033945,1.4344807729621178,3,26,4
40,4.443617484238771e-14,0.0025088000002142508,,0.9071681600793898,1.4340067757903419,3,26,5
48,6.892274714611538e-14,0.0034682000004977454,,0.905934619605659,1.4346358339373424,3,26,6
64,1.2294384031434592e-13,0.006199999999807915,,0.9044241300522319,1.4345931935802836,3,26,7
8,1.6616876244553247e-15,0.0005227000001468696,,0.9692824281194489,1.4143064732506876,3,27,0
12,3.730805502877709e-15,0.0005053999993833713,,0.9439088052083774,1.4177832927521479,3,27,1
16,6.816893823758037e-15,0.0006200999996508472,,0.9332624630635675,1.417183960295903,3,27,2
24,1.69204124369868e-14,0.0011778000007325318,,0.9218416033523472,1.4171409754105124,3,27,3
32,3.151750258081437e-14,0.0018017000002146233,,0.9160469782475232,1.4174946926132614,3,27,4
40,4.4804488982483705e-14,0.00246540000080131,,0.9126529959217395,1.41773215730424,3,27,5
48,6.744666398700578e-14,0.00342599999930826,,0.9104467059809755,1.4178853114295558,3,27,6
64,1.2637570920429965e-13,0.006394700001692399,,0.9077525069620155,1.4178475217129045,3,27,7
8,1.5582722720639762e-15,0.0005009000014979392,,1.018445984480534,1.2902315892440692,3,28,0
12,4.1440374674012885e-15,0.0005034000023442786,,0.9982135341588716,1.2933007209635299,3,28,1
16,5.864613395706894e-15,0.0006170999986352399,,0.9888116593765396,1.292333221348134,3,28,2
24,1.669931313628205e-14,0.0012096000027668197,,0.9800020678161292,1.2943657901242853,3,28,3
32,2.883503343784611e-14,0.0017714999994495884,,0.9758460171254562,1.2942095203883057,3,28,4
40,3.989503880070644e-14,0.0024278999990201555,,0.9734380245215227,1.2943885907455797,3,28,5
48,6.781905990525239e-14,0.0034047000008285977,,0.9718697588216696,1.2943676940952684,3,28,6
64,1.1657974967064103e-13,0.006628800001635682,,0.9699522770087597,1.2944048654994895,3,28,7
8,1.6405752336546965e-15,0.000518299999384908,,1.0336273804135057,1.3125947885452276,3,29,0
12,4.0843890589058e-15,0.0004969000001437962,,1.004992506314578,1.318542663280575,3,29,1
16,6.030581474356141e-15,0.0006400999991456047,,0.9926214205449281,1.3192149764230812,3,29,2
24,1.6113282362216803e-14,0.001175699999294011,,0.9816904610144648,1.320130135615943,3,29,3
32,2.8397307158745973e-14,0.001784899999620393,,0.9767937229959683,1.3204195368211329,3,29,4
40,4.068654072189033e-14,0.002455900001223199,,0.9740436545345265,1.320327390533176,3,29,5
48,6.562110485234084e-14,0.0034246999966853764,,0.9722898817632697,1.3203983583388725,3,29,6
64,1.1878505417826256e-13,0.0061344999994616956,,0.9701882550329199,1.3203106464532297,3,29,7
8,1.6995049683944844e-15,0.00047819999963394366,,1.0336273804135057,1.3125947885452276,3,30,0
12,3.759056424626523e-15,0.0004998000003979541,,1.004992506314578,1.318542663280575,3,30,1
16,6.822354926635644e-15,0.0006204999990586657,,0.992621420544928,1.3192149764230812,3,30,2
24,1.618626863527674e-14,0.001150300002336735,,0.9816904610144648,1.320130135615943,3,30,3
32,2.7439392922119303e-14,0.0017741999981808476,,0.9767937229959683,1.3204195368211329,3,30,4
40,3.9304841639016296e-14,0.002435999998851912,,0.9740436545345265,1.320327390533176,3,30,5
48,6.350303599330539e-14,0.0034544000009191222,,0.9722898817632697,1.3203983583388725,3,30,6
64,1.1867395552433405e-13,0.006174199999804841,,0.9701882550329199,1.3203106464532297,3,30,7
8,2.0021083869893644e-15,0.000473000000056345,,1.018445984480534,1.2902315892440692,3,31,0
12,3.4223874049828747e-15,0.0004841999980271794,,0.9982135341588716,1.2933007209635299,3,31,1
16,6.468943635469225e-15,0.0006170000015117694,,0.9888116593765396,1.292333221348134,3,31,2
24,1.5551777031414466e-14,0.0011708999991242308,,0.9800020678161292,1.294365790124285,3,31,3
32,3.013451717362524e-14,0.0017906000030052382,,0.9758460171254562,1.2942095203883057,3,31,4
40,3.8873346867717864e-14,0.002448999999614898,,0.9734380245215227,1.2943885907455794,3,31,5
48,6.596799910195912e-14,0.0035163000029569957,,0.9718697588216696,1.2943676940952684,3,31,6
64,1.1613853586463085e-13,0.006185999998706393,,0.9699522770087597,1.2944048654994895,3,31,7
