case_id,support,quantity,first_pathway,second_pathway,difference_velocity_rms
alph15-7929-2024,fine_F100,mixed_contrast,linear,idw4,0.001791086232948866
alph15-7929-2024,fine_F100,mixed_contrast,linear,idw8,0.0012830838360825597
alph15-7929-2024,fine_F100,mixed_contrast,linear,idw16,0.001228128640312789
alph15-7929-2024,fine_F100,mixed_contrast,idw4,idw8,0.0009070595428614323
alph15-7929-2024,fine_F100,mixed_contrast,idw4,idw16,0.0015576887804129443
alph15-7929-2024,fine_F100,mixed_contrast,idw8,idw16,0.0008157757023727718
alph15-7929-2024,fine_F100,F000,linear,idw4,0.010721824795299966
alph15-7929-2024,fine_F100,F000,linear,idw8,0.007817863573886641
alph15-7929-2024,fine_F100,F000,linear,idw16,0.005505047185104415
alph15-7929-2024,fine_F100,F000,idw4,idw8,0.005067543676908685
alph15-7929-2024,fine_F100,F000,idw4,idw16,0.008657204086183456
alph15-7929-2024,fine_F100,F000,idw8,idw16,0.004880609926795449
alph15-7929-2024,fine_F100,F100,linear,idw4,2.0215312771949372e-08
alph15-7929-2024,fine_F100,F100,linear,idw8,2.0215312771949372e-08
alph15-7929-2024,fine_F100,F100,linear,idw16,2.0215312771949372e-08
alph15-7929-2024,fine_F100,F100,idw4,idw8,0.0
alph15-7929-2024,fine_F100,F100,idw4,idw16,0.0
alph15-7929-2024,fine_F100,F100,idw8,idw16,0.0
alph15-7929-2024,fine_F100,F010,linear,idw4,0.011312969936145322
alph15-7929-2024,fine_F100,F010,linear,idw8,0.008154215278150469
alph15-7929-2024,fine_F100,F010,linear,idw16,0.0057646138986496365
alph15-7929-2024,fine_F100,F010,idw4,idw8,0.005348950700702052
alph15-7929-2024,fine_F100,F010,idw4,idw16,0.009086584222928094
alph15-7929-2024,fine_F100,F010,idw8,idw16,0.0050481408458154554
alph15-7929-2024,fine_F100,F110,linear,idw4,1.9979684098425456e-08
alph15-7929-2024,fine_F100,F110,linear,idw8,1.9979684098425456e-08
alph15-7929-2024,fine_F100,F110,linear,idw16,1.9979684098425456e-08
alph15-7929-2024,fine_F100,F110,idw4,idw8,0.0
alph15-7929-2024,fine_F100,F110,idw4,idw16,0.0
alph15-7929-2024,fine_F100,F110,idw8,idw16,0.0
alph15-7929-2024,shared_F000,mixed_contrast,linear,idw4,0.0009796901807383079
alph15-7929-2024,shared_F000,mixed_contrast,linear,idw8,0.0006578282091221052
alph15-7929-2024,shared_F000,mixed_contrast,linear,idw16,0.0005704837334049725
alph15-7929-2024,shared_F000,mixed_contrast,idw4,idw8,0.0005819967004777533
alph15-7929-2024,shared_F000,mixed_contrast,idw4,idw16,0.0008269774211519069
alph15-7929-2024,shared_F000,mixed_contrast,idw8,idw16,0.0004430139306620111
alph15-7929-2024,shared_F000,F000,linear,idw4,2.0407005329174487e-08
alph15-7929-2024,shared_F000,F000,linear,idw8,2.0407005329174487e-08
alph15-7929-2024,shared_F000,F000,linear,idw16,2.0407005329174487e-08
alph15-7929-2024,shared_F000,F000,idw4,idw8,0.0
alph15-7929-2024,shared_F000,F000,idw4,idw16,0.0
alph15-7929-2024,shared_F000,F000,idw8,idw16,0.0
alph15-7929-2024,shared_F000,F100,linear,idw4,0.006339184635585408
alph15-7929-2024,shared_F000,F100,linear,idw8,0.0036748397358496625
alph15-7929-2024,shared_F000,F100,linear,idw16,0.0025671936190491945
alph15-7929-2024,shared_F000,F100,idw4,idw8,0.004166201192911742
alph15-7929-2024,shared_F000,F100,idw4,idw16,0.005492926177290245
alph15-7929-2024,shared_F000,F100,idw8,idw16,0.0027644932681268257
alph15-7929-2024,shared_F000,F010,linear,idw4,2.0106167348008984e-08
alph15-7929-2024,shared_F000,F010,linear,idw8,2.0106167348008984e-08
alph15-7929-2024,shared_F000,F010,linear,idw16,2.0106167348008984e-08
alph15-7929-2024,shared_F000,F010,idw4,idw8,0.0
alph15-7929-2024,shared_F000,F010,idw4,idw16,0.0
alph15-7929-2024,shared_F000,F010,idw8,idw16,0.0
alph15-7929-2024,shared_F000,F110,linear,idw4,0.0065494091637955075
alph15-7929-2024,shared_F000,F110,linear,idw8,0.003887259123882811
alph15-7929-2024,shared_F000,F110,linear,idw16,0.0026290272899913026
alph15-7929-2024,shared_F000,F110,idw4,idw8,0.004241567168155952
alph15-7929-2024,shared_F000,F110,idw4,idw16,0.005592097227676528
alph15-7929-2024,shared_F000,F110,idw8,idw16,0.0027864055865099904
alph15-13929-2024,fine_F100,mixed_contrast,linear,idw4,0.0016868797410758052
alph15-13929-2024,fine_F100,mixed_contrast,linear,idw8,0.001388404835225682
alph15-13929-2024,fine_F100,mixed_contrast,linear,idw16,0.001168848561009752
alph15-13929-2024,fine_F100,mixed_contrast,idw4,idw8,0.0007417516370084235
alph15-13929-2024,fine_F100,mixed_contrast,idw4,idw16,0.00128885839079947
alph15-13929-2024,fine_F100,mixed_contrast,idw8,idw16,0.0007433027870543097
alph15-13929-2024,fine_F100,F000,linear,idw4,0.01153934521805761
alph15-13929-2024,fine_F100,F000,linear,idw8,0.009431399940649168
alph15-13929-2024,fine_F100,F000,linear,idw16,0.006826619639189825
alph15-13929-2024,fine_F100,F000,idw4,idw8,0.004266474144002129
alph15-13929-2024,fine_F100,F000,idw4,idw16,0.007437811818855155
alph15-13929-2024,fine_F100,F000,idw8,idw16,0.004991826626440864
alph15-13929-2024,fine_F100,F100,linear,idw4,1.7293807391471884e-08
alph15-13929-2024,fine_F100,F100,linear,idw8,1.7293807391471884e-08
alph15-13929-2024,fine_F100,F100,linear,idw16,1.7293807391471884e-08
alph15-13929-2024,fine_F100,F100,idw4,idw8,0.0
alph15-13929-2024,fine_F100,F100,idw4,idw16,0.0
alph15-13929-2024,fine_F100,F100,idw8,idw16,0.0
alph15-13929-2024,fine_F100,F010,linear,idw4,0.011856161185710475
alph15-13929-2024,fine_F100,F010,linear,idw8,0.009791969086947848
alph15-13929-2024,fine_F100,F010,linear,idw16,0.007188545028163821
alph15-13929-2024,fine_F100,F010,idw4,idw8,0.004345818932191219
alph15-13929-2024,fine_F100,F010,idw4,idw16,0.007706248904716784
alph15-13929-2024,fine_F100,F010,idw8,idw16,0.005183223121465317
alph15-13929-2024,fine_F100,F110,linear,idw4,1.6968667922892372e-08
alph15-13929-2024,fine_F100,F110,linear,idw8,1.6968667922892372e-08
alph15-13929-2024,fine_F100,F110,linear,idw16,1.6968667922892372e-08
alph15-13929-2024,fine_F100,F110,idw4,idw8,0.0
alph15-13929-2024,fine_F100,F110,idw4,idw16,0.0
alph15-13929-2024,fine_F100,F110,idw8,idw16,0.0
alph15-13929-2024,shared_F000,mixed_contrast,linear,idw4,0.0008596383912491563
alph15-13929-2024,shared_F000,mixed_contrast,linear,idw8,0.0007068899678195654
alph15-13929-2024,shared_F000,mixed_contrast,linear,idw16,0.0005905660336846144
alph15-13929-2024,shared_F000,mixed_contrast,idw4,idw8,0.0003922708060645354
alph15-13929-2024,shared_F000,mixed_contrast,idw4,idw16,0.0006711398214437591
alph15-13929-2024,shared_F000,mixed_contrast,idw8,idw16,0.00038466538107994274
alph15-13929-2024,shared_F000,F000,linear,idw4,1.737738901449797e-08
alph15-13929-2024,shared_F000,F000,linear,idw8,1.737738901449797e-08
alph15-13929-2024,shared_F000,F000,linear,idw16,1.737738901449797e-08
alph15-13929-2024,shared_F000,F000,idw4,idw8,0.0
alph15-13929-2024,shared_F000,F000,idw4,idw16,0.0
alph15-13929-2024,shared_F000,F000,idw8,idw16,0.0
alph15-13929-2024,shared_F000,F100,linear,idw4,0.005859953668318516
alph15-13929-2024,shared_F000,F100,linear,idw8,0.004741988483538735
alph15-13929-2024,shared_F000,F100,linear,idw16,0.003248416989916526
alph15-13929-2024,shared_F000,F100,idw4,idw8,0.0021419700727550836
alph15-13929-2024,shared_F000,F100,idw4,idw16,0.004005026621481774
alph15-13929-2024,shared_F000,F100,idw8,idw16,0.0025243303847178114
alph15-13929-2024,shared_F000,F010,linear,idw4,1.7440640974057583e-08
alph15-13929-2024,shared_F000,F010,linear,idw8,1.7440640974057583e-08
alph15-13929-2024,shared_F000,F010,linear,idw16,1.7440640974057583e-08
alph15-13929-2024,shared_F000,F010,idw4,idw8,0.0
alph15-13929-2024,shared_F000,F010,idw4,idw16,0.0
alph15-13929-2024,shared_F000,F010,idw8,idw16,0.0
alph15-13929-2024,shared_F000,F110,linear,idw4,0.0059628212874711295
alph15-13929-2024,shared_F000,F110,linear,idw8,0.004851673323374679
alph15-13929-2024,shared_F000,F110,linear,idw16,0.0033719373334361808
alph15-13929-2024,shared_F000,F110,idw4,idw8,0.0021715101319424615
alph15-13929-2024,shared_F000,F110,idw4,idw16,0.004047911675998985
alph15-13929-2024,shared_F000,F110,idw8,idw16,0.0025497382333768796
