assumed_floor_fraction,below_minimum_effect_fraction,contrast_sd,correct_decisive_fraction,correlation,decision_method,effect_present_fraction,error_model,indeterminate_fraction,threshold_or_confidence,true_delta,truth_state,wrong_decisive_fraction
1.0,0.0,,0.0,,legacy_ratio,0.0,independent_bounded,1.0,1.5,0.0,below_minimum_effect,0.0
1.0,0.0,,0.0,,legacy_ratio,0.0,independent_bounded,1.0,1.75,0.0,below_minimum_effect,0.0
1.0,0.0,,0.0,,legacy_ratio,0.0,independent_bounded,1.0,2.0,0.0,below_minimum_effect,0.0
1.0,0.0,,0.0,,legacy_ratio,0.0,independent_bounded,1.0,2.25,0.0,below_minimum_effect,0.0
1.0,0.0,,0.0,,legacy_ratio,0.0,independent_bounded,1.0,2.5,0.0,below_minimum_effect,0.0
1.0,0.0,,0.0,,legacy_ratio,0.0,independent_bounded,1.0,2.75,0.0,below_minimum_effect,0.0
1.0,0.0,,0.0,,legacy_ratio,0.0,independent_bounded,1.0,3.0,0.0,below_minimum_effect,0.0
1.0,0.0,,0.0,,legacy_ratio,0.0,independent_bounded,1.0,3.25,0.0,below_minimum_effect,0.0
1.0,0.0,,0.0,,legacy_ratio,0.0,independent_bounded,1.0,3.5,0.0,below_minimum_effect,0.0
1.0,0.0,,0.0,,legacy_ratio,0.0,independent_bounded,1.0,3.75,0.0,below_minimum_effect,0.0
1.0,0.0,,0.0,,legacy_ratio,0.0,independent_bounded,1.0,4.0,0.0,below_minimum_effect,0.0
1.0,0.0,,0.0,,legacy_ratio,0.0,independent_bounded,1.0,4.25,0.0,below_minimum_effect,0.0
1.0,0.0,,0.0,,legacy_ratio,0.0,independent_bounded,1.0,4.5,0.0,below_minimum_effect,0.0
1.0,0.0,,0.0,,legacy_ratio,0.0,independent_bounded,1.0,4.75,0.0,below_minimum_effect,0.0
1.0,0.0,,0.0,,legacy_ratio,0.0,independent_bounded,1.0,5.0,0.0,below_minimum_effect,0.0
1.0,1.0,,1.0,,deterministic_interval,0.0,independent_bounded,0.0,,0.0,below_minimum_effect,0.0
0.9,1.0,,1.0,,deterministic_interval,0.0,independent_bounded,0.0,,0.0,below_minimum_effect,0.0
0.75,1.0,,1.0,,deterministic_interval,0.0,independent_bounded,0.0,,0.0,below_minimum_effect,0.0
0.5,1.0,,1.0,,deterministic_interval,0.0,independent_bounded,0.0,,0.0,below_minimum_effect,0.0
1.0,0.0,,0.0,,legacy_ratio,0.041395,independent_bounded,0.958605,1.5,1.0,below_minimum_effect,0.041395
1.0,0.0,,0.0,,legacy_ratio,0.00251,independent_bounded,0.99749,1.75,1.0,below_minimum_effect,0.00251
1.0,0.0,,0.0,,legacy_ratio,0.0,independent_bounded,1.0,2.0,1.0,below_minimum_effect,0.0
1.0,0.0,,0.0,,legacy_ratio,0.0,independent_bounded,1.0,2.25,1.0,below_minimum_effect,0.0
1.0,0.0,,0.0,,legacy_ratio,0.0,independent_bounded,1.0,2.5,1.0,below_minimum_effect,0.0
1.0,0.0,,0.0,,legacy_ratio,0.0,independent_bounded,1.0,2.75,1.0,below_minimum_effect,0.0
1.0,0.0,,0.0,,legacy_ratio,0.0,independent_bounded,1.0,3.0,1.0,below_minimum_effect,0.0
1.0,0.0,,0.0,,legacy_ratio,0.0,independent_bounded,1.0,3.25,1.0,below_minimum_effect,0.0
1.0,0.0,,0.0,,legacy_ratio,0.0,independent_bounded,1.0,3.5,1.0,below_minimum_effect,0.0
1.0,0.0,,0.0,,legacy_ratio,0.0,independent_bounded,1.0,3.75,1.0,below_minimum_effect,0.0
1.0,0.0,,0.0,,legacy_ratio,0.0,independent_bounded,1.0,4.0,1.0,below_minimum_effect,0.0
1.0,0.0,,0.0,,legacy_ratio,0.0,independent_bounded,1.0,4.25,1.0,below_minimum_effect,0.0
1.0,0.0,,0.0,,legacy_ratio,0.0,independent_bounded,1.0,4.5,1.0,below_minimum_effect,0.0
1.0,0.0,,0.0,,legacy_ratio,0.0,independent_bounded,1.0,4.75,1.0,below_minimum_effect,0.0
1.0,0.0,,0.0,,legacy_ratio,0.0,independent_bounded,1.0,5.0,1.0,below_minimum_effect,0.0
1.0,1.0,,1.0,,deterministic_interval,0.0,independent_bounded,0.0,,1.0,below_minimum_effect,0.0
0.9,1.0,,1.0,,deterministic_interval,0.0,independent_bounded,0.0,,1.0,below_minimum_effect,0.0
0.75,1.0,,1.0,,deterministic_interval,0.0,independent_bounded,0.0,,1.0,below_minimum_effect,0.0
0.5,1.0,,1.0,,deterministic_interval,0.0,independent_bounded,0.0,,1.0,below_minimum_effect,0.0
1.0,0.0,,0.0,,legacy_ratio,0.957775,independent_bounded,0.042225,1.5,2.0,below_minimum_effect,0.957775
1.0,0.0,,0.0,,legacy_ratio,0.798725,independent_bounded,0.201275,1.75,2.0,below_minimum_effect,0.798725
1.0,0.0,,0.0,,legacy_ratio,0.50019,independent_bounded,0.49981,2.0,2.0,below_minimum_effect,0.50019
1.0,0.0,,0.0,,legacy_ratio,0.201645,independent_bounded,0.798355,2.25,2.0,below_minimum_effect,0.201645
1.0,0.0,,0.0,,legacy_ratio,0.041395,independent_bounded,0.958605,2.5,2.0,below_minimum_effect,0.041395
1.0,0.0,,0.0,,legacy_ratio,0.00251,independent_bounded,0.99749,2.75,2.0,below_minimum_effect,0.00251
1.0,0.0,,0.0,,legacy_ratio,0.0,independent_bounded,1.0,3.0,2.0,below_minimum_effect,0.0
1.0,0.0,,0.0,,legacy_ratio,0.0,independent_bounded,1.0,3.25,2.0,below_minimum_effect,0.0
1.0,0.0,,0.0,,legacy_ratio,0.0,independent_bounded,1.0,3.5,2.0,below_minimum_effect,0.0
1.0,0.0,,0.0,,legacy_ratio,0.0,independent_bounded,1.0,3.75,2.0,below_minimum_effect,0.0
1.0,0.0,,0.0,,legacy_ratio,0.0,independent_bounded,1.0,4.0,2.0,below_minimum_effect,0.0
1.0,0.0,,0.0,,legacy_ratio,0.0,independent_bounded,1.0,4.25,2.0,below_minimum_effect,0.0
1.0,0.0,,0.0,,legacy_ratio,0.0,independent_bounded,1.0,4.5,2.0,below_minimum_effect,0.0
1.0,0.0,,0.0,,legacy_ratio,0.0,independent_bounded,1.0,4.75,2.0,below_minimum_effect,0.0
1.0,0.0,,0.0,,legacy_ratio,0.0,independent_bounded,1.0,5.0,2.0,below_minimum_effect,0.0
1.0,0.49981,,0.49981,,deterministic_interval,0.0,independent_bounded,0.50019,,2.0,below_minimum_effect,0.0
0.9,0.62919,,0.62919,,deterministic_interval,0.0,independent_bounded,0.37081,,2.0,below_minimum_effect,0.0
0.75,0.798355,,0.798355,,deterministic_interval,0.0,independent_bounded,0.201645,,2.0,below_minimum_effect,0.0
0.5,0.958605,,0.958605,,deterministic_interval,0.0,independent_bounded,0.041395,,2.0,below_minimum_effect,0.0
1.0,0.0,,0.0,,legacy_ratio,1.0,independent_bounded,0.0,1.5,2.5,below_minimum_effect,1.0
1.0,0.0,,0.0,,legacy_ratio,0.99726,independent_bounded,0.00274,1.75,2.5,below_minimum_effect,0.99726
1.0,0.0,,0.0,,legacy_ratio,0.957775,independent_bounded,0.042225,2.0,2.5,below_minimum_effect,0.957775
1.0,0.0,,0.0,,legacy_ratio,0.798725,independent_bounded,0.201275,2.25,2.5,below_minimum_effect,0.798725
1.0,0.0,,0.0,,legacy_ratio,0.50019,independent_bounded,0.49981,2.5,2.5,below_minimum_effect,0.50019
1.0,0.0,,0.0,,legacy_ratio,0.201645,independent_bounded,0.798355,2.75,2.5,below_minimum_effect,0.201645
1.0,0.0,,0.0,,legacy_ratio,0.041395,independent_bounded,0.958605,3.0,2.5,below_minimum_effect,0.041395
1.0,0.0,,0.0,,legacy_ratio,0.00251,independent_bounded,0.99749,3.25,2.5,below_minimum_effect,0.00251
1.0,0.0,,0.0,,legacy_ratio,0.0,independent_bounded,1.0,3.5,2.5,below_minimum_effect,0.0
1.0,0.0,,0.0,,legacy_ratio,0.0,independent_bounded,1.0,3.75,2.5,below_minimum_effect,0.0
1.0,0.0,,0.0,,legacy_ratio,0.0,independent_bounded,1.0,4.0,2.5,below_minimum_effect,0.0
1.0,0.0,,0.0,,legacy_ratio,0.0,independent_bounded,1.0,4.25,2.5,below_minimum_effect,0.0
1.0,0.0,,0.0,,legacy_ratio,0.0,independent_bounded,1.0,4.5,2.5,below_minimum_effect,0.0
1.0,0.0,,0.0,,legacy_ratio,0.0,independent_bounded,1.0,4.75,2.5,below_minimum_effect,0.0
1.0,0.0,,0.0,,legacy_ratio,0.0,independent_bounded,1.0,5.0,2.5,below_minimum_effect,0.0
1.0,0.042225,,0.042225,,deterministic_interval,0.0,independent_bounded,0.957775,,2.5,below_minimum_effect,0.0
0.9,0.08563,,0.08563,,deterministic_interval,0.0,independent_bounded,0.91437,,2.5,below_minimum_effect,0.0
0.75,0.201275,,0.201275,,deterministic_interval,0.0,independent_bounded,0.798725,,2.5,below_minimum_effect,0.0
0.5,0.49981,,0.49981,,deterministic_interval,0.0,independent_bounded,0.50019,,2.5,below_minimum_effect,0.0
1.0,0.0,,0.0,,legacy_ratio,1.0,independent_bounded,0.0,1.5,2.9,below_minimum_effect,1.0
1.0,0.0,,0.0,,legacy_ratio,1.0,independent_bounded,0.0,1.75,2.9,below_minimum_effect,1.0
1.0,0.0,,0.0,,legacy_ratio,0.999905,independent_bounded,9.5e-05,2.0,2.9,below_minimum_effect,0.999905
1.0,0.0,,0.0,,legacy_ratio,0.98971,independent_bounded,0.01029,2.25,2.9,below_minimum_effect,0.98971
1.0,0.0,,0.0,,legacy_ratio,0.91437,independent_bounded,0.08563,2.5,2.9,below_minimum_effect,0.91437
1.0,0.0,,0.0,,legacy_ratio,0.69168,independent_bounded,0.30832,2.75,2.9,below_minimum_effect,0.69168
1.0,0.0,,0.0,,legacy_ratio,0.37081,independent_bounded,0.62919,3.0,2.9,below_minimum_effect,0.37081
1.0,0.0,,0.0,,legacy_ratio,0.117805,independent_bounded,0.882195,3.25,2.9,below_minimum_effect,0.117805
1.0,0.0,,0.0,,legacy_ratio,0.01678,independent_bounded,0.98322,3.5,2.9,below_minimum_effect,0.01678
1.0,0.0,,0.0,,legacy_ratio,0.0003,independent_bounded,0.9997,3.75,2.9,below_minimum_effect,0.0003
1.0,0.0,,0.0,,legacy_ratio,0.0,independent_bounded,1.0,4.0,2.9,below_minimum_effect,0.0
1.0,0.0,,0.0,,legacy_ratio,0.0,independent_bounded,1.0,4.25,2.9,below_minimum_effect,0.0
1.0,0.0,,0.0,,legacy_ratio,0.0,independent_bounded,1.0,4.5,2.9,below_minimum_effect,0.0
1.0,0.0,,0.0,,legacy_ratio,0.0,independent_bounded,1.0,4.75,2.9,below_minimum_effect,0.0
1.0,0.0,,0.0,,legacy_ratio,0.0,independent_bounded,1.0,5.0,2.9,below_minimum_effect,0.0
1.0,9.5e-05,,9.5e-05,,deterministic_interval,0.0,independent_bounded,0.999905,,2.9,below_minimum_effect,0.0
0.9,0.001165,,0.001165,,deterministic_interval,0.0,independent_bounded,0.998835,,2.9,below_minimum_effect,0.0
0.75,0.01029,,0.01029,,deterministic_interval,0.0003,independent_bounded,0.98941,,2.9,below_minimum_effect,0.0003
0.5,0.08563,,0.08563,,deterministic_interval,0.01678,independent_bounded,0.89759,,2.9,below_minimum_effect,0.01678
1.0,0.0,,0.0,,legacy_ratio,1.0,independent_bounded,0.0,1.5,3.0,boundary,1.0
1.0,0.0,,0.0,,legacy_ratio,1.0,independent_bounded,0.0,1.75,3.0,boundary,1.0
1.0,0.0,,0.0,,legacy_ratio,1.0,independent_bounded,0.0,2.0,3.0,boundary,1.0
1.0,0.0,,0.0,,legacy_ratio,0.99726,independent_bounded,0.00274,2.25,3.0,boundary,0.99726
1.0,0.0,,0.0,,legacy_ratio,0.957775,independent_bounded,0.042225,2.5,3.0,boundary,0.957775
1.0,0.0,,0.0,,legacy_ratio,0.798725,independent_bounded,0.201275,2.75,3.0,boundary,0.798725
1.0,0.0,,0.0,,legacy_ratio,0.50019,independent_bounded,0.49981,3.0,3.0,boundary,0.50019
1.0,0.0,,0.0,,legacy_ratio,0.201645,independent_bounded,0.798355,3.25,3.0,boundary,0.201645
1.0,0.0,,0.0,,legacy_ratio,0.041395,independent_bounded,0.958605,3.5,3.0,boundary,0.041395
1.0,0.0,,0.0,,legacy_ratio,0.00251,independent_bounded,0.99749,3.75,3.0,boundary,0.00251
1.0,0.0,,0.0,,legacy_ratio,0.0,independent_bounded,1.0,4.0,3.0,boundary,0.0
1.0,0.0,,0.0,,legacy_ratio,0.0,independent_bounded,1.0,4.25,3.0,boundary,0.0
1.0,0.0,,0.0,,legacy_ratio,0.0,independent_bounded,1.0,4.5,3.0,boundary,0.0
1.0,0.0,,0.0,,legacy_ratio,0.0,independent_bounded,1.0,4.75,3.0,boundary,0.0
1.0,0.0,,0.0,,legacy_ratio,0.0,independent_bounded,1.0,5.0,3.0,boundary,0.0
1.0,0.0,,0.0,,deterministic_interval,0.0,independent_bounded,1.0,,3.0,boundary,0.0
0.9,9.5e-05,,0.0,,deterministic_interval,6.5e-05,independent_bounded,0.99984,,3.0,boundary,0.00016
0.75,0.00274,,0.0,,deterministic_interval,0.00251,independent_bounded,0.99475,,3.0,boundary,0.00525
0.5,0.042225,,0.0,,deterministic_interval,0.041395,independent_bounded,0.91638,,3.0,boundary,0.08362
1.0,0.0,,1.0,,legacy_ratio,1.0,independent_bounded,0.0,1.5,3.1,effect_present,0.0
1.0,0.0,,1.0,,legacy_ratio,1.0,independent_bounded,0.0,1.75,3.1,effect_present,0.0
1.0,0.0,,1.0,,legacy_ratio,1.0,independent_bounded,0.0,2.0,3.1,effect_present,0.0
1.0,0.0,,0.99962,,legacy_ratio,0.99962,independent_bounded,0.00038,2.25,3.1,effect_present,0.0
1.0,0.0,,0.98263,,legacy_ratio,0.98263,independent_bounded,0.01737,2.5,3.1,effect_present,0.0
1.0,0.0,,0.882055,,legacy_ratio,0.882055,independent_bounded,0.117945,2.75,3.1,effect_present,0.0
1.0,0.0,,0.631175,,legacy_ratio,0.631175,independent_bounded,0.368825,3.0,3.1,effect_present,0.0
1.0,0.0,,0.309145,,legacy_ratio,0.309145,independent_bounded,0.690855,3.25,3.1,effect_present,0.0
1.0,0.0,,0.086625,,legacy_ratio,0.086625,independent_bounded,0.913375,3.5,3.1,effect_present,0.0
1.0,0.0,,0.009955,,legacy_ratio,0.009955,independent_bounded,0.990045,3.75,3.1,effect_present,0.0
1.0,0.0,,6.5e-05,,legacy_ratio,6.5e-05,independent_bounded,0.999935,4.0,3.1,effect_present,0.0
1.0,0.0,,0.0,,legacy_ratio,0.0,independent_bounded,1.0,4.25,3.1,effect_present,0.0
1.0,0.0,,0.0,,legacy_ratio,0.0,independent_bounded,1.0,4.5,3.1,effect_present,0.0
1.0,0.0,,0.0,,legacy_ratio,0.0,independent_bounded,1.0,4.75,3.1,effect_present,0.0
1.0,0.0,,0.0,,legacy_ratio,0.0,independent_bounded,1.0,5.0,3.1,effect_present,0.0
1.0,0.0,,6.5e-05,,deterministic_interval,6.5e-05,independent_bounded,0.999935,,3.1,effect_present,0.0
0.9,0.0,,0.00102,,deterministic_interval,0.00102,independent_bounded,0.99898,,3.1,effect_present,0.0
0.75,0.00038,,0.009955,,deterministic_interval,0.009955,independent_bounded,0.989665,,3.1,effect_present,0.00038
0.5,0.01737,,0.086625,,deterministic_interval,0.086625,independent_bounded,0.896005,,3.1,effect_present,0.01737
1.0,0.0,,1.0,,legacy_ratio,1.0,independent_bounded,0.0,1.5,3.5,effect_present,0.0
1.0,0.0,,1.0,,legacy_ratio,1.0,independent_bounded,0.0,1.75,3.5,effect_present,0.0
1.0,0.0,,1.0,,legacy_ratio,1.0,independent_bounded,0.0,2.0,3.5,effect_present,0.0
1.0,0.0,,1.0,,legacy_ratio,1.0,independent_bounded,0.0,2.25,3.5,effect_present,0.0
1.0,0.0,,1.0,,legacy_ratio,1.0,independent_bounded,0.0,2.5,3.5,effect_present,0.0
1.0,0.0,,0.99726,,legacy_ratio,0.99726,independent_bounded,0.00274,2.75,3.5,effect_present,0.0
1.0,0.0,,0.957775,,legacy_ratio,0.957775,independent_bounded,0.042225,3.0,3.5,effect_present,0.0
1.0,0.0,,0.798725,,legacy_ratio,0.798725,independent_bounded,0.201275,3.25,3.5,effect_present,0.0
1.0,0.0,,0.50019,,legacy_ratio,0.50019,independent_bounded,0.49981,3.5,3.5,effect_present,0.0
1.0,0.0,,0.201645,,legacy_ratio,0.201645,independent_bounded,0.798355,3.75,3.5,effect_present,0.0
1.0,0.0,,0.041395,,legacy_ratio,0.041395,independent_bounded,0.958605,4.0,3.5,effect_present,0.0
1.0,0.0,,0.00251,,legacy_ratio,0.00251,independent_bounded,0.99749,4.25,3.5,effect_present,0.0
1.0,0.0,,0.0,,legacy_ratio,0.0,independent_bounded,1.0,4.5,3.5,effect_present,0.0
1.0,0.0,,0.0,,legacy_ratio,0.0,independent_bounded,1.0,4.75,3.5,effect_present,0.0
1.0,0.0,,0.0,,legacy_ratio,0.0,independent_bounded,1.0,5.0,3.5,effect_present,0.0
1.0,0.0,,0.041395,,deterministic_interval,0.041395,independent_bounded,0.958605,,3.5,effect_present,0.0
0.9,0.0,,0.086625,,deterministic_interval,0.086625,independent_bounded,0.913375,,3.5,effect_present,0.0
0.75,0.0,,0.201645,,deterministic_interval,0.201645,independent_bounded,0.798355,,3.5,effect_present,0.0
0.5,0.0,,0.50019,,deterministic_interval,0.50019,independent_bounded,0.49981,,3.5,effect_present,0.0
1.0,0.0,,1.0,,legacy_ratio,1.0,independent_bounded,0.0,1.5,4.0,effect_present,0.0
1.0,0.0,,1.0,,legacy_ratio,1.0,independent_bounded,0.0,1.75,4.0,effect_present,0.0
1.0,0.0,,1.0,,legacy_ratio,1.0,independent_bounded,0.0,2.0,4.0,effect_present,0.0
1.0,0.0,,1.0,,legacy_ratio,1.0,independent_bounded,0.0,2.25,4.0,effect_present,0.0
1.0,0.0,,1.0,,legacy_ratio,1.0,independent_bounded,0.0,2.5,4.0,effect_present,0.0
1.0,0.0,,1.0,,legacy_ratio,1.0,independent_bounded,0.0,2.75,4.0,effect_present,0.0
1.0,0.0,,1.0,,legacy_ratio,1.0,independent_bounded,0.0,3.0,4.0,effect_present,0.0
1.0,0.0,,0.99726,,legacy_ratio,0.99726,independent_bounded,0.00274,3.25,4.0,effect_present,0.0
1.0,0.0,,0.957775,,legacy_ratio,0.957775,independent_bounded,0.042225,3.5,4.0,effect_present,0.0
1.0,0.0,,0.798725,,legacy_ratio,0.798725,independent_bounded,0.201275,3.75,4.0,effect_present,0.0
1.0,0.0,,0.50019,,legacy_ratio,0.50019,independent_bounded,0.49981,4.0,4.0,effect_present,0.0
1.0,0.0,,0.201645,,legacy_ratio,0.201645,independent_bounded,0.798355,4.25,4.0,effect_present,0.0
1.0,0.0,,0.041395,,legacy_ratio,0.041395,independent_bounded,0.958605,4.5,4.0,effect_present,0.0
1.0,0.0,,0.00251,,legacy_ratio,0.00251,independent_bounded,0.99749,4.75,4.0,effect_present,0.0
1.0,0.0,,0.0,,legacy_ratio,0.0,independent_bounded,1.0,5.0,4.0,effect_present,0.0
1.0,0.0,,0.50019,,deterministic_interval,0.50019,independent_bounded,0.49981,,4.0,effect_present,0.0
0.9,0.0,,0.631175,,deterministic_interval,0.631175,independent_bounded,0.368825,,4.0,effect_present,0.0
0.75,0.0,,0.798725,,deterministic_interval,0.798725,independent_bounded,0.201275,,4.0,effect_present,0.0
0.5,0.0,,0.957775,,deterministic_interval,0.957775,independent_bounded,0.042225,,4.0,effect_present,0.0
1.0,0.0,,1.0,,legacy_ratio,1.0,independent_bounded,0.0,1.5,5.0,effect_present,0.0
1.0,0.0,,1.0,,legacy_ratio,1.0,independent_bounded,0.0,1.75,5.0,effect_present,0.0
1.0,0.0,,1.0,,legacy_ratio,1.0,independent_bounded,0.0,2.0,5.0,effect_present,0.0
1.0,0.0,,1.0,,legacy_ratio,1.0,independent_bounded,0.0,2.25,5.0,effect_present,0.0
1.0,0.0,,1.0,,legacy_ratio,1.0,independent_bounded,0.0,2.5,5.0,effect_present,0.0
1.0,0.0,,1.0,,legacy_ratio,1.0,independent_bounded,0.0,2.75,5.0,effect_present,0.0
1.0,0.0,,1.0,,legacy_ratio,1.0,independent_bounded,0.0,3.0,5.0,effect_present,0.0
1.0,0.0,,1.0,,legacy_ratio,1.0,independent_bounded,0.0,3.25,5.0,effect_present,0.0
1.0,0.0,,1.0,,legacy_ratio,1.0,independent_bounded,0.0,3.5,5.0,effect_present,0.0
1.0,0.0,,1.0,,legacy_ratio,1.0,independent_bounded,0.0,3.75,5.0,effect_present,0.0
1.0,0.0,,1.0,,legacy_ratio,1.0,independent_bounded,0.0,4.0,5.0,effect_present,0.0
1.0,0.0,,0.99726,,legacy_ratio,0.99726,independent_bounded,0.00274,4.25,5.0,effect_present,0.0
1.0,0.0,,0.957775,,legacy_ratio,0.957775,independent_bounded,0.042225,4.5,5.0,effect_present,0.0
1.0,0.0,,0.798725,,legacy_ratio,0.798725,independent_bounded,0.201275,4.75,5.0,effect_present,0.0
1.0,0.0,,0.50019,,legacy_ratio,0.50019,independent_bounded,0.49981,5.0,5.0,effect_present,0.0
1.0,0.0,,1.0,,deterministic_interval,1.0,independent_bounded,0.0,,5.0,effect_present,0.0
0.9,0.0,,1.0,,deterministic_interval,1.0,independent_bounded,0.0,,5.0,effect_present,0.0
0.75,0.0,,1.0,,deterministic_interval,1.0,independent_bounded,0.0,,5.0,effect_present,0.0
0.5,0.0,,1.0,,deterministic_interval,1.0,independent_bounded,0.0,,5.0,effect_present,0.0
1.0,0.0,,1.0,,legacy_ratio,1.0,independent_bounded,0.0,1.5,6.0,effect_present,0.0
1.0,0.0,,1.0,,legacy_ratio,1.0,independent_bounded,0.0,1.75,6.0,effect_present,0.0
1.0,0.0,,1.0,,legacy_ratio,1.0,independent_bounded,0.0,2.0,6.0,effect_present,0.0
1.0,0.0,,1.0,,legacy_ratio,1.0,independent_bounded,0.0,2.25,6.0,effect_present,0.0
1.0,0.0,,1.0,,legacy_ratio,1.0,independent_bounded,0.0,2.5,6.0,effect_present,0.0
1.0,0.0,,1.0,,legacy_ratio,1.0,independent_bounded,0.0,2.75,6.0,effect_present,0.0
1.0,0.0,,1.0,,legacy_ratio,1.0,independent_bounded,0.0,3.0,6.0,effect_present,0.0
1.0,0.0,,1.0,,legacy_ratio,1.0,independent_bounded,0.0,3.25,6.0,effect_present,0.0
1.0,0.0,,1.0,,legacy_ratio,1.0,independent_bounded,0.0,3.5,6.0,effect_present,0.0
1.0,0.0,,1.0,,legacy_ratio,1.0,independent_bounded,0.0,3.75,6.0,effect_present,0.0
1.0,0.0,,1.0,,legacy_ratio,1.0,independent_bounded,0.0,4.0,6.0,effect_present,0.0
1.0,0.0,,1.0,,legacy_ratio,1.0,independent_bounded,0.0,4.25,6.0,effect_present,0.0
1.0,0.0,,1.0,,legacy_ratio,1.0,independent_bounded,0.0,4.5,6.0,effect_present,0.0
1.0,0.0,,1.0,,legacy_ratio,1.0,independent_bounded,0.0,4.75,6.0,effect_present,0.0
1.0,0.0,,1.0,,legacy_ratio,1.0,independent_bounded,0.0,5.0,6.0,effect_present,0.0
1.0,0.0,,1.0,,deterministic_interval,1.0,independent_bounded,0.0,,6.0,effect_present,0.0
0.9,0.0,,1.0,,deterministic_interval,1.0,independent_bounded,0.0,,6.0,effect_present,0.0
0.75,0.0,,1.0,,deterministic_interval,1.0,independent_bounded,0.0,,6.0,effect_present,0.0
0.5,0.0,,1.0,,deterministic_interval,1.0,independent_bounded,0.0,,6.0,effect_present,0.0
1.0,0.999395,0.5590169943749475,0.999395,-0.25,central_normal_interval,0.0,correlated_normal,0.000605,0.95,0.0,below_minimum_effect,0.0
1.0,0.947645,0.5590169943749475,0.947645,-0.25,central_normal_interval,0.0,correlated_normal,0.052355,0.95,1.0,below_minimum_effect,0.0
1.0,0.430795,0.5590169943749475,0.430795,-0.25,central_normal_interval,8.5e-05,correlated_normal,0.56912,0.95,2.0,below_minimum_effect,8.5e-05
1.0,0.143725,0.5590169943749475,0.143725,-0.25,central_normal_interval,0.00209,correlated_normal,0.854185,0.95,2.5,below_minimum_effect,0.00209
1.0,0.03741,0.5590169943749475,0.03741,-0.25,central_normal_interval,0.016225,correlated_normal,0.946365,0.95,2.9,below_minimum_effect,0.016225
1.0,0.024995,0.5590169943749475,0.0,-0.25,central_normal_interval,0.024895,correlated_normal,0.95011,0.95,3.0,boundary,0.04989
1.0,0.01618,0.5590169943749475,0.03712,-0.25,central_normal_interval,0.03712,correlated_normal,0.9467,0.95,3.1,effect_present,0.01618
1.0,0.002265,0.5590169943749475,0.142895,-0.25,central_normal_interval,0.142895,correlated_normal,0.85484,0.95,3.5,effect_present,0.002265
1.0,7.5e-05,0.5590169943749475,0.4327,-0.25,central_normal_interval,0.4327,correlated_normal,0.567225,0.95,4.0,effect_present,7.5e-05
1.0,0.0,0.5590169943749475,0.94708,-0.25,central_normal_interval,0.94708,correlated_normal,0.05292,0.95,5.0,effect_present,0.0
1.0,0.0,0.5590169943749475,0.999695,-0.25,central_normal_interval,0.999695,correlated_normal,0.000305,0.95,6.0,effect_present,0.0
1.0,0.99997,0.5,0.99997,0.0,central_normal_interval,0.0,correlated_normal,3e-05,0.95,0.0,below_minimum_effect,0.0
1.0,0.97925,0.5,0.97925,0.0,central_normal_interval,0.0,correlated_normal,0.02075,0.95,1.0,below_minimum_effect,0.0
1.0,0.51751,0.5,0.51751,0.0,central_normal_interval,2e-05,correlated_normal,0.48247,0.95,2.0,below_minimum_effect,2e-05
1.0,0.16888,0.5,0.16888,0.0,central_normal_interval,0.00162,correlated_normal,0.8295,0.95,2.5,below_minimum_effect,0.00162
1.0,0.03864,0.5,0.03864,0.0,central_normal_interval,0.01542,correlated_normal,0.94594,0.95,2.9,below_minimum_effect,0.01542
1.0,0.02463,0.5,0.0,0.0,central_normal_interval,0.02485,correlated_normal,0.95052,0.95,3.0,boundary,0.04948
1.0,0.015015,0.5,0.039115,0.0,central_normal_interval,0.039115,correlated_normal,0.94587,0.95,3.1,effect_present,0.015015
1.0,0.001465,0.5,0.16828,0.0,central_normal_interval,0.16828,correlated_normal,0.830255,0.95,3.5,effect_present,0.001465
1.0,2e-05,0.5,0.51529,0.0,central_normal_interval,0.51529,correlated_normal,0.48469,0.95,4.0,effect_present,2e-05
1.0,0.0,0.5,0.979675,0.0,central_normal_interval,0.979675,correlated_normal,0.020325,0.95,5.0,effect_present,0.0
1.0,0.0,0.5,0.99998,0.0,central_normal_interval,0.99998,correlated_normal,2e-05,0.95,6.0,effect_present,0.0
1.0,1.0,0.3535533905932738,1.0,0.5,central_normal_interval,0.0,correlated_normal,0.0,0.95,0.0,below_minimum_effect,0.0
1.0,0.999895,0.3535533905932738,0.999895,0.5,central_normal_interval,0.0,correlated_normal,0.000105,0.95,1.0,below_minimum_effect,0.0
1.0,0.80646,0.3535533905932738,0.80646,0.5,central_normal_interval,0.0,correlated_normal,0.19354,0.95,2.0,below_minimum_effect,0.0
1.0,0.29277,0.3535533905932738,0.29277,0.5,central_normal_interval,0.000375,correlated_normal,0.706855,0.95,2.5,below_minimum_effect,0.000375
1.0,0.046345,0.3535533905932738,0.046345,0.5,central_normal_interval,0.01235,correlated_normal,0.941305,0.95,2.9,below_minimum_effect,0.01235
1.0,0.024955,0.3535533905932738,0.0,0.5,central_normal_interval,0.024775,correlated_normal,0.95027,0.95,3.0,boundary,0.04973
1.0,0.012355,0.3535533905932738,0.047075,0.5,central_normal_interval,0.047075,correlated_normal,0.94057,0.95,3.1,effect_present,0.012355
1.0,0.000365,0.3535533905932738,0.292775,0.5,central_normal_interval,0.292775,correlated_normal,0.70686,0.95,3.5,effect_present,0.000365
1.0,5e-06,0.3535533905932738,0.807955,0.5,central_normal_interval,0.807955,correlated_normal,0.19204,0.95,4.0,effect_present,5e-06
1.0,0.0,0.3535533905932738,0.99988,0.5,central_normal_interval,0.99988,correlated_normal,0.00012,0.95,5.0,effect_present,0.0
1.0,0.0,0.3535533905932738,1.0,0.5,central_normal_interval,1.0,correlated_normal,0.0,0.95,6.0,effect_present,0.0
1.0,1.0,0.15811388300841894,1.0,0.9,central_normal_interval,0.0,correlated_normal,0.0,0.95,0.0,below_minimum_effect,0.0
1.0,1.0,0.15811388300841894,1.0,0.9,central_normal_interval,0.0,correlated_normal,0.0,0.95,1.0,below_minimum_effect,0.0
1.0,1.0,0.15811388300841894,1.0,0.9,central_normal_interval,0.0,correlated_normal,0.0,0.95,2.0,below_minimum_effect,0.0
1.0,0.885795,0.15811388300841894,0.885795,0.9,central_normal_interval,0.0,correlated_normal,0.114205,0.95,2.5,below_minimum_effect,0.0
1.0,0.091375,0.15811388300841894,0.091375,0.9,central_normal_interval,0.004795,correlated_normal,0.90383,0.95,2.9,below_minimum_effect,0.004795
1.0,0.02462,0.15811388300841894,0.0,0.9,central_normal_interval,0.02535,correlated_normal,0.95003,0.95,3.0,boundary,0.04997
1.0,0.00485,0.15811388300841894,0.092365,0.9,central_normal_interval,0.092365,correlated_normal,0.902785,0.95,3.1,effect_present,0.00485
1.0,0.0,0.15811388300841894,0.8863,0.9,central_normal_interval,0.8863,correlated_normal,0.1137,0.95,3.5,effect_present,0.0
1.0,0.0,0.15811388300841894,0.99999,0.9,central_normal_interval,0.99999,correlated_normal,1e-05,0.95,4.0,effect_present,0.0
1.0,0.0,0.15811388300841894,1.0,0.9,central_normal_interval,1.0,correlated_normal,0.0,0.95,5.0,effect_present,0.0
1.0,0.0,0.15811388300841894,1.0,0.9,central_normal_interval,1.0,correlated_normal,0.0,0.95,6.0,effect_present,0.0
