attained_value,branch_nodes,cells,coherent_state,dual_bound,edges,family,objective,objective_check_abs,relative_gap,runtime_s,seed,status,threshold,tree_objective,tree_runtime_s
,1,16,,85.0,15,tree_tied_extrema,85.0,0.0,0.0,0.009946999998646788,0,optimal,,85.0,9.500000305706635e-05
,0,16,,75.0,15,tree_tied_extrema,75.0,0.0,0.0,0.00212910000118427,1,optimal,,75.0,6.460000440711156e-05
,1,16,,62.0,15,tree_tied_extrema,62.0,0.0,0.0,0.00764070000150241,2,optimal,,62.0,6.379999831551686e-05
,1,16,,54.0,15,tree_tied_extrema,54.0,0.0,0.0,0.007195099999080412,3,optimal,,54.0,8.379999781027436e-05
,1,16,,34.0,15,tree_tied_extrema,34.0,0.0,0.0,0.0077713999999105,4,optimal,,34.0,7.680000271648169e-05
,1,32,,151.0,31,tree_tied_extrema,151.0,0.0,0.0,0.008582499998738058,0,optimal,,151.0,0.0001272999943466857
,1,32,,128.0,31,tree_tied_extrema,128.0,0.0,0.0,0.008320000000821892,1,optimal,,128.0,0.0001632999992580153
,1,32,,117.0,31,tree_tied_extrema,117.0,0.0,0.0,0.00739620000240393,2,optimal,,117.0,0.0001455999954487197
,1,32,,125.0,31,tree_tied_extrema,125.0,0.0,0.0,0.00827969999954803,3,optimal,,125.0,0.00013220000255387276
,1,32,,124.0,31,tree_tied_extrema,124.0,0.0,0.0,0.009413299994776025,4,optimal,,124.0,0.00012599999899975955
,1,64,,254.0,63,tree_tied_extrema,254.0,0.0,0.0,0.010439100005896762,0,optimal,,254.0,0.00029689999792026356
,1,64,,289.0,63,tree_tied_extrema,289.0,0.0,0.0,0.018452500000421423,1,optimal,,289.0,0.00024160000612027943
,1,64,,220.0,63,tree_tied_extrema,220.0,0.0,0.0,0.012244000005011912,2,optimal,,220.0,0.00025880000612232834
,1,64,,272.0,63,tree_tied_extrema,272.0,0.0,0.0,0.01041300000360934,3,optimal,,272.0,0.00025120000645983964
,1,64,,236.0,63,tree_tied_extrema,236.0,0.0,0.0,0.01895910000166623,4,optimal,,236.0,0.00028369999927235767
,1,128,,485.0,127,tree_tied_extrema,485.0,0.0,0.0,0.020203300002322067,0,optimal,,485.0,0.0006668000060017221
,1,128,,461.0,127,tree_tied_extrema,461.0,0.0,0.0,0.02649319999909494,1,optimal,,461.0,0.0005868000007467344
,1,128,,565.0,127,tree_tied_extrema,565.0,0.0,0.0,0.019908199996280018,2,optimal,,565.0,0.000530999997863546
,1,128,,475.0,127,tree_tied_extrema,475.0,0.0,0.0,0.030341999998199753,3,optimal,,475.0,0.0006193999943207018
,1,128,,545.0,127,tree_tied_extrema,545.0,0.0,0.0,0.02644940000027418,4,optimal,,545.0,0.0005856999996467493
,1,12,,57.0,17,general_tied_extrema,57.0,,0.0,0.007198599996627308,0,optimal,,,
,1,12,,122.0,23,general_tied_extrema,122.0,,0.0,0.00889360000292072,1,optimal,,,
,1,12,,59.0,23,general_tied_extrema,59.0,,0.0,0.007920999996713363,2,optimal,,,
,1,12,,92.0,26,general_tied_extrema,92.0,,0.0,0.00723650000145426,3,optimal,,,
,0,12,,102.0,21,general_tied_extrema,102.0,,0.0,0.0019911000053980388,4,optimal,,,
,1,20,,234.0,53,general_tied_extrema,234.0,,0.0,0.009250299997802358,0,optimal,,,
,1,20,,264.0,54,general_tied_extrema,264.0,,0.0,0.018534400005592033,1,optimal,,,
,1,20,,246.0,50,general_tied_extrema,246.0,,0.0,0.00926199999958044,2,optimal,,,
,1,20,,177.0,45,general_tied_extrema,177.0,,0.0,0.008270999998785555,3,optimal,,,
,1,20,,242.0,49,general_tied_extrema,242.0,,0.0,0.016840500000398606,4,optimal,,,
,1,32,,535.0,119,general_tied_extrema,535.0,,0.0,0.01495230000000447,0,optimal,,,
,1,32,,497.0,119,general_tied_extrema,497.0,,0.0,0.013324999999895226,1,optimal,,,
,1,32,,589.0,124,general_tied_extrema,589.0,,0.0,0.02025080000021262,2,optimal,,,
,1,32,,590.0,138,general_tied_extrema,590.0,,0.0,0.02866350000113016,3,optimal,,,
,1,32,,481.0,118,general_tied_extrema,481.0,,0.0,0.020803100000193808,4,optimal,,,
,1,48,,1105.0,245,general_tied_extrema,1105.0,,0.0,0.05833290000009583,0,optimal,,,
,1,48,,1324.0,286,general_tied_extrema,1324.0,,0.0,0.046758499993302394,1,optimal,,,
,1,48,,1224.0,290,general_tied_extrema,1224.0,,0.0,0.05177289999846835,2,optimal,,,
,1,48,,1047.0,242,general_tied_extrema,1047.0,,0.0,0.07145790000504348,3,optimal,,,
,1,48,,1254.0,275,general_tied_extrema,1254.0,,0.0,0.07926769999903627,4,optimal,,,
,1,15,,39.0,32,three_terminal_multiway_cut,39.0,,0.0,0.00664390000019921,0,optimal,,,
,1,15,,45.0,33,three_terminal_multiway_cut,45.0,,0.0,0.007078900001943111,1,optimal,,,
,1,15,,54.0,35,three_terminal_multiway_cut,54.0,,0.0,0.006832999999460299,2,optimal,,,
,1,15,,50.0,36,three_terminal_multiway_cut,50.0,,0.0,0.006719899996824097,3,optimal,,,
,1,15,,37.0,29,three_terminal_multiway_cut,37.0,,0.0,0.006652399999438785,4,optimal,,,
,1,25,,32.0,71,three_terminal_multiway_cut,32.0,,0.0,0.007210399999166839,0,optimal,,,
,1,25,,68.0,84,three_terminal_multiway_cut,68.0,,0.0,0.0076286999974399805,1,optimal,,,
,1,25,,77.0,68,three_terminal_multiway_cut,77.0,,0.0,0.007465999995474704,2,optimal,,,
,1,25,,39.0,77,three_terminal_multiway_cut,39.0,,0.0,0.007128999997803476,3,optimal,,,
,1,25,,95.0,91,three_terminal_multiway_cut,95.0,,0.0,0.00842710000142688,4,optimal,,,
,1,40,,93.0,156,three_terminal_multiway_cut,93.0,,0.0,0.013010700000450015,0,optimal,,,
,1,40,,77.0,165,three_terminal_multiway_cut,77.0,,0.0,0.013284499997098465,1,optimal,,,
,1,40,,118.0,182,three_terminal_multiway_cut,118.0,,0.0,0.01293710000027204,2,optimal,,,
,1,40,,68.0,160,three_terminal_multiway_cut,68.0,,0.0,0.012362800000119023,3,optimal,,,
,1,40,,85.0,182,three_terminal_multiway_cut,85.0,,0.0,0.013124199998856056,4,optimal,,,
,1,60,,142.0,346,three_terminal_multiway_cut,142.0,,0.0,0.024005399995076004,0,optimal,,,
,1,60,,142.0,355,three_terminal_multiway_cut,142.0,,0.0,0.02326250000623986,1,optimal,,,
,1,60,,127.0,358,three_terminal_multiway_cut,127.0,,0.0,0.02405690000159666,2,optimal,,,
,1,60,,163.0,392,three_terminal_multiway_cut,163.0,,0.0,0.024535399999876972,3,optimal,,,
,1,60,,155.0,356,three_terminal_multiway_cut,155.0,,0.0,0.024355399997148197,4,optimal,,,
58.0,0,16,resolved_above,68.0,39,decision_threshold_crossing,68.0,,0.0,0.009502400003839284,0,optimal,61.0,,
70.0,1,16,resolved_above,28.0,40,decision_threshold_crossing,28.0,,0.0,0.00555559999338584,1,optimal,70.0,,
60.0,1,16,resolved_above,55.0,39,decision_threshold_crossing,55.0,,0.0,0.0588590999977896,2,optimal,63.0,,
52.0,1,16,resolved_above,21.0,30,decision_threshold_crossing,21.0,,0.0,0.012240100004419219,3,optimal,52.0,,
56.0,1,16,resolved_above,23.999999999999996,35,decision_threshold_crossing,23.999999999999996,,0.0,0.012053099999320693,4,optimal,56.0,,
76.0,1,24,resolved_above,92.0,72,decision_threshold_crossing,92.0,,0.0,0.019763199998124037,0,optimal,76.0,,
88.0,1,24,resolved_above,102.0,86,decision_threshold_crossing,102.0,,0.0,0.16126950000034412,1,optimal,88.0,,
84.0,1,24,resolved_above,86.00000000000013,78,decision_threshold_crossing,86.00000000000013,,0.0,0.005918900002143346,2,optimal,85.0,,
88.0,1,24,resolved_above,73.0,77,decision_threshold_crossing,73.0,,0.0,0.09090989999822341,3,optimal,89.0,,
78.0,1,24,resolved_above,101.0,79,decision_threshold_crossing,101.0,,0.0,0.09241209999890998,4,optimal,78.0,,
112.0,1,32,resolved_above,114.00000000000063,124,decision_threshold_crossing,114.00000000000063,,0.0,0.007525200002419297,0,optimal,113.0,,
110.0,1,32,resolved_above,155.99999999999997,138,decision_threshold_crossing,155.99999999999997,,0.0,0.10423059999448014,1,optimal,111.0,,
116.0,1,32,resolved_above,143.0,123,decision_threshold_crossing,143.0,,0.0,0.071302199998172,2,optimal,117.0,,
108.0,1,32,resolved_above,124.0,116,decision_threshold_crossing,124.0,,0.0,0.016121799999382347,3,optimal,108.0,,
128.0,1,32,resolved_above,101.0,122,decision_threshold_crossing,101.0,,0.0,0.006645399997069035,4,optimal,128.0,,
168.0,25,48,resolved_above,294.0,252,decision_threshold_crossing,294.0,,0.0,0.6813990000009653,0,optimal,168.0,,
176.0,1,48,resolved_above,311.9999999999999,265,decision_threshold_crossing,311.9999999999999,,0.0,0.2373338000033982,1,optimal,177.0,,
170.0,1,48,resolved_above,275.0,246,decision_threshold_crossing,275.0,,0.0,0.052775299998756964,2,optimal,170.0,,
180.0,3,48,resolved_above,284.9999999999862,249,decision_threshold_crossing,284.9999999999862,,0.0,1.4066921999983606,3,optimal,180.0,,
178.0,1,48,resolved_above,322.0000000001765,260,decision_threshold_crossing,322.0000000001765,,0.0,0.7826270000005024,4,optimal,178.0,,
